"ordospaceInventoryId","ordospaceRoleRoutes","ordospaceComponent","existingLocationFunction","currentStates","salesopsId","salesopsComponent","salesopsZipEvidence","salesopsCodeEvidence","liveEvidence","officialV0Evidence","classification","classificationReason","derivedBasis","preserveLayout","preserveData","preserveFunction","visualToMigrate","forbiddenCopy","responsiveStrategy","accessibilityRequirements","implementationRound","verificationRound","verificationMethod","uncertainty","completionStatus","implementationTarget","evidence"
"UI-001","authenticated/all","sidebar `#sidebar`","exact role menu/profile/theme","default, hover, active, badge","SO-NAV-001","Sidebar","components/dashboard/sidebar.tsx","Sidebar","https://v0-sales-operations-dashboard.vercel.app/ + evidence/redo/r02/salesops-live/desktop/overview.png","Official v0 template visually checked; same dark shell/component grammar, no code provenance claimed.","Adapted","A direct SalesOps pattern exists, but ORDOSPACE role/data/lifecycle/static-DOM requirements require adaptation.","Not applicable","Current ORDOSPACE placement, section order, dimensions, route shell and responsive composition.","All Korean copy, counts, identifiers, fixtures and domain meaning.","All actions, role guards, session/localStorage/API/lifecycle behavior and selectors.","Recreate Sidebar tokens, borders, density, type, hover/focus and state expression without SalesOps IA.","SalesOps navigation, sales terms, CRM mock data, routes, Next/React/Radix runtime and fake identities.","Preserve ORDOSPACE D/T/M breakpoints and shell behavior; adapt only visual grammar.","Preserve semantic label/name, visible focus, keyboard operation, contrast and reduced-motion behavior.","Round 5","Round 9","Visual + DOM selector + route/role/function regression at 1440/1024/390.","None","Mapped for implementation","true","components/dashboard/sidebar.tsx; evidence/redo/r02/salesops-live/desktop/; docs/redo/r02/salesops-component-catalog.md"
"UI-002","authenticated/all","topbar `#topbar`","crumbs, CTA, notifications, avatar","default, dropdown open, focus","SO-HEADER-001","Header","components/dashboard/header.tsx","Header","https://v0-sales-operations-dashboard.vercel.app/ + evidence/redo/r02/salesops-live/desktop/overview.png","Official v0 template visually checked; same dark shell/component grammar, no code provenance claimed.","Adapted","A direct SalesOps pattern exists, but ORDOSPACE role/data/lifecycle/static-DOM requirements require adaptation.","Not applicable","Current ORDOSPACE placement, section order, dimensions, route shell and responsive composition.","All Korean copy, counts, identifiers, fixtures and domain meaning.","All actions, role guards, session/localStorage/API/lifecycle behavior and selectors.","Recreate Header tokens, borders, density, type, hover/focus and state expression without SalesOps IA.","SalesOps navigation, sales terms, CRM mock data, routes, Next/React/Radix runtime and fake identities.","Preserve ORDOSPACE D/T/M breakpoints and shell behavior; adapt only visual grammar.","Preserve semantic label/name, visible focus, keyboard operation, contrast and reduced-motion behavior.","Round 5","Round 9","Visual + DOM selector + route/role/function regression at 1440/1024/390.","None","Mapped for implementation","true","components/dashboard/header.tsx; evidence/redo/r02/salesops-live/desktop/; docs/redo/r02/salesops-component-catalog.md"
"UI-003","authenticated/all","mobile header `#mheader`","title, drawer, avatar","default, focus","SO-HEADER-001","Header","components/dashboard/header.tsx","Header","https://v0-sales-operations-dashboard.vercel.app/ + evidence/redo/r02/salesops-live/desktop/overview.png","Official v0 template visually checked; same dark shell/component grammar, no code provenance claimed.","Adapted","A direct SalesOps pattern exists, but ORDOSPACE role/data/lifecycle/static-DOM requirements require adaptation.","Not applicable","Current ORDOSPACE placement, section order, dimensions, route shell and responsive composition.","All Korean copy, counts, identifiers, fixtures and domain meaning.","All actions, role guards, session/localStorage/API/lifecycle behavior and selectors.","Recreate Header tokens, borders, density, type, hover/focus and state expression without SalesOps IA.","SalesOps navigation, sales terms, CRM mock data, routes, Next/React/Radix runtime and fake identities.","Preserve ORDOSPACE D/T/M breakpoints and shell behavior; adapt only visual grammar.","Preserve semantic label/name, visible focus, keyboard operation, contrast and reduced-motion behavior.","Round 5","Round 9","Visual + DOM selector + route/role/function regression at 1440/1024/390.","None","Mapped for implementation","true","components/dashboard/header.tsx; evidence/redo/r02/salesops-live/desktop/; docs/redo/r02/salesops-component-catalog.md"
"UI-004","authenticated/all","drawer `#drawerOverlay/#drawerMenu`","role menu","closed/open, backdrop, Escape","SO-SHEET-001","Drawer/Sheet","components/ui/sheet.tsx","Sheet","https://v0-sales-operations-dashboard.vercel.app/ + evidence/redo/r02/salesops-live/desktop/overview.png","Official v0 template visually checked; same dark shell/component grammar, no code provenance claimed.","Derived","Combine SO-SHEET-001 surface/state grammar with declared background, border, accent, radius and focus tokens; no structurally equivalent SalesOps component preserves this ORDOSPACE purpose.","Combine SO-SHEET-001 surface/state grammar with declared background, border, accent, radius and focus tokens; no structurally equivalent SalesOps component preserves this ORDOSPACE purpose.","Current ORDOSPACE placement, section order, dimensions, route shell and responsive composition.","All Korean copy, counts, identifiers, fixtures and domain meaning.","All actions, role guards, session/localStorage/API/lifecycle behavior and selectors.","Recreate Drawer/Sheet tokens, borders, density, type, hover/focus and state expression without SalesOps IA.","SalesOps navigation, sales terms, CRM mock data, routes, Next/React/Radix runtime and fake identities.","Preserve ORDOSPACE D/T/M breakpoints and shell behavior; adapt only visual grammar.","Preserve semantic label/name, visible focus, keyboard operation, contrast and reduced-motion behavior.","Round 5","Round 9","Visual + DOM selector + route/role/function regression at 1440/1024/390.","Counterpart is code-only; visual state will be derived and verified in UI Lab.","Mapped for implementation","true","components/ui/sheet.tsx; evidence/redo/r02/salesops-live/desktop/; docs/redo/r02/salesops-component-catalog.md"
"UI-005","authenticated/all","mobile tabs `#mtab`","role mobile menu/badges","default, active, badge","SO-TAB-001","Tab","components/ui/tabs.tsx","Tabs","https://v0-sales-operations-dashboard.vercel.app/ + evidence/redo/r02/salesops-live/desktop/overview.png","Official v0 template visually checked; same dark shell/component grammar, no code provenance claimed.","Adapted","A direct SalesOps pattern exists, but ORDOSPACE role/data/lifecycle/static-DOM requirements require adaptation.","Not applicable","Current ORDOSPACE placement, section order, dimensions, route shell and responsive composition.","All Korean copy, counts, identifiers, fixtures and domain meaning.","All actions, role guards, session/localStorage/API/lifecycle behavior and selectors.","Recreate Tab tokens, borders, density, type, hover/focus and state expression without SalesOps IA.","SalesOps navigation, sales terms, CRM mock data, routes, Next/React/Radix runtime and fake identities.","Preserve ORDOSPACE D/T/M breakpoints and shell behavior; adapt only visual grammar.","Preserve semantic label/name, visible focus, keyboard operation, contrast and reduced-motion behavior.","Round 5","Round 9","Visual + DOM selector + route/role/function regression at 1440/1024/390.","None","Mapped for implementation","true","components/ui/tabs.tsx; evidence/redo/r02/salesops-live/desktop/; docs/redo/r02/salesops-component-catalog.md"
"UI-006","authenticated/all","notification panel","role notification samples","closed/open, unread/read, empty","SO-POPOVER-001","Popover","components/ui/popover.tsx","Popover","https://v0-sales-operations-dashboard.vercel.app/ + evidence/redo/r02/salesops-live/desktop/overview.png","Official v0 template visually checked; same dark shell/component grammar, no code provenance claimed.","Adapted","A direct SalesOps pattern exists, but ORDOSPACE role/data/lifecycle/static-DOM requirements require adaptation.","Not applicable","Current ORDOSPACE placement, section order, dimensions, route shell and responsive composition.","All Korean copy, counts, identifiers, fixtures and domain meaning.","All actions, role guards, session/localStorage/API/lifecycle behavior and selectors.","Recreate Popover tokens, borders, density, type, hover/focus and state expression without SalesOps IA.","SalesOps navigation, sales terms, CRM mock data, routes, Next/React/Radix runtime and fake identities.","Preserve ORDOSPACE D/T/M breakpoints and shell behavior; adapt only visual grammar.","Preserve semantic label/name, visible focus, keyboard operation, contrast and reduced-motion behavior.","Round 5","Round 9","Visual + DOM selector + route/role/function regression at 1440/1024/390.","Counterpart is code-only; visual state will be derived and verified in UI Lab.","Mapped for implementation","true","components/ui/popover.tsx; evidence/redo/r02/salesops-live/desktop/; docs/redo/r02/salesops-component-catalog.md"
"UI-007","authenticated/all","theme control","light/dark/system storage","default, hover, selected","SO-SWITCH-001","Switch","components/ui/switch.tsx","Switch","https://v0-sales-operations-dashboard.vercel.app/ + evidence/redo/r02/salesops-live/desktop/overview.png","Official v0 template visually checked; same dark shell/component grammar, no code provenance claimed.","Adapted","A direct SalesOps pattern exists, but ORDOSPACE role/data/lifecycle/static-DOM requirements require adaptation.","Not applicable","Current ORDOSPACE placement, section order, dimensions, route shell and responsive composition.","All Korean copy, counts, identifiers, fixtures and domain meaning.","All actions, role guards, session/localStorage/API/lifecycle behavior and selectors.","Recreate Switch tokens, borders, density, type, hover/focus and state expression without SalesOps IA.","SalesOps navigation, sales terms, CRM mock data, routes, Next/React/Radix runtime and fake identities.","Preserve ORDOSPACE D/T/M breakpoints and shell behavior; adapt only visual grammar.","Preserve semantic label/name, visible focus, keyboard operation, contrast and reduced-motion behavior.","Round 5","Round 9","Visual + DOM selector + route/role/function regression at 1440/1024/390.","None","Mapped for implementation","true","components/ui/switch.tsx; evidence/redo/r02/salesops-live/desktop/; docs/redo/r02/salesops-component-catalog.md"
"UI-008","all dashboard","breadcrumb/page title","exact `CRUMBS`/`TITLES`","default, long title","SO-TITLE-001","Page title","components/dashboard/header.tsx","sectionTitles","https://v0-sales-operations-dashboard.vercel.app/ + evidence/redo/r02/salesops-live/desktop/overview.png","Official v0 template visually checked; same dark shell/component grammar, no code provenance claimed.","Adapted","A direct SalesOps pattern exists, but ORDOSPACE role/data/lifecycle/static-DOM requirements require adaptation.","Not applicable","Current ORDOSPACE placement, section order, dimensions, route shell and responsive composition.","All Korean copy, counts, identifiers, fixtures and domain meaning.","All actions, role guards, session/localStorage/API/lifecycle behavior and selectors.","Recreate Page title tokens, borders, density, type, hover/focus and state expression without SalesOps IA.","SalesOps navigation, sales terms, CRM mock data, routes, Next/React/Radix runtime and fake identities.","Preserve ORDOSPACE D/T/M breakpoints and shell behavior; adapt only visual grammar.","Preserve semantic label/name, visible focus, keyboard operation, contrast and reduced-motion behavior.","Round 5","Round 9","Visual + DOM selector + route/role/function regression at 1440/1024/390.","None","Mapped for implementation","true","components/dashboard/header.tsx; evidence/redo/r02/salesops-live/desktop/; docs/redo/r02/salesops-component-catalog.md"
"UI-009","all dashboard","primary role CTA","exact role deep link","default, hover, focus, disabled","SO-SHELL-001","Dashboard Shell","app/page.tsx","Dashboard","https://v0-sales-operations-dashboard.vercel.app/ + evidence/redo/r02/salesops-live/desktop/overview.png","Official v0 template visually checked; same dark shell/component grammar, no code provenance claimed.","Adapted","A direct SalesOps pattern exists, but ORDOSPACE role/data/lifecycle/static-DOM requirements require adaptation.","Not applicable","Current ORDOSPACE placement, section order, dimensions, route shell and responsive composition.","All Korean copy, counts, identifiers, fixtures and domain meaning.","All actions, role guards, session/localStorage/API/lifecycle behavior and selectors.","Recreate Dashboard Shell tokens, borders, density, type, hover/focus and state expression without SalesOps IA.","SalesOps navigation, sales terms, CRM mock data, routes, Next/React/Radix runtime and fake identities.","Preserve ORDOSPACE D/T/M breakpoints and shell behavior; adapt only visual grammar.","Preserve semantic label/name, visible focus, keyboard operation, contrast and reduced-motion behavior.","Round 5","Round 9","Visual + DOM selector + route/role/function regression at 1440/1024/390.","None","Mapped for implementation","true","app/page.tsx; evidence/redo/r02/salesops-live/desktop/; docs/redo/r02/salesops-component-catalog.md"
"UI-010","shared","status badge factory","exact label/tone","default, pending, warning, critical, ok","SO-STATUS-001","Status chip","components/dashboard/sections/deals.tsx","statusConfig","https://v0-sales-operations-dashboard.vercel.app/ + evidence/redo/r02/salesops-live/desktop/overview.png","Official v0 template visually checked; same dark shell/component grammar, no code provenance claimed.","Exact","Purpose, visible structure, and state grammar have a direct SalesOps counterpart; ORDOSPACE content/actions replace only data.","Not applicable","Current ORDOSPACE placement, section order, dimensions, route shell and responsive composition.","All Korean copy, counts, identifiers, fixtures and domain meaning.","All actions, role guards, session/localStorage/API/lifecycle behavior and selectors.","Recreate Status chip tokens, borders, density, type, hover/focus and state expression without SalesOps IA.","SalesOps navigation, sales terms, CRM mock data, routes, Next/React/Radix runtime and fake identities.","Preserve ORDOSPACE D/T/M breakpoints and shell behavior; adapt only visual grammar.","Preserve semantic label/name, visible focus, keyboard operation, contrast and reduced-motion behavior.","Round 3","Round 9","Visual + DOM selector + route/role/function regression at 1440/1024/390.","None","Mapped for implementation","true","components/dashboard/sections/deals.tsx; evidence/redo/r02/salesops-live/desktop/; docs/redo/r02/salesops-component-catalog.md"
"UI-011","shared","metric card factory","title/value/subtext","normal, positive, warning, critical","SO-CARD-002","Metric card","components/dashboard/metric-card.tsx","MetricCard","https://v0-sales-operations-dashboard.vercel.app/ + evidence/redo/r02/salesops-live/desktop/overview.png","Official v0 template visually checked; same dark shell/component grammar, no code provenance claimed.","Exact","Purpose, visible structure, and state grammar have a direct SalesOps counterpart; ORDOSPACE content/actions replace only data.","Not applicable","Current ORDOSPACE placement, section order, dimensions, route shell and responsive composition.","All Korean copy, counts, identifiers, fixtures and domain meaning.","All actions, role guards, session/localStorage/API/lifecycle behavior and selectors.","Recreate Metric card tokens, borders, density, type, hover/focus and state expression without SalesOps IA.","SalesOps navigation, sales terms, CRM mock data, routes, Next/React/Radix runtime and fake identities.","Preserve ORDOSPACE D/T/M breakpoints and shell behavior; adapt only visual grammar.","Preserve semantic label/name, visible focus, keyboard operation, contrast and reduced-motion behavior.","Round 3","Round 9","Visual + DOM selector + route/role/function regression at 1440/1024/390.","None","Mapped for implementation","true","components/dashboard/metric-card.tsx; evidence/redo/r02/salesops-live/desktop/; docs/redo/r02/salesops-component-catalog.md"
"UI-012","shared","progress track","current/total","0, partial, complete, overflow-safe","SO-PROGRESS-001","Progress","components/ui/progress.tsx","Progress","https://v0-sales-operations-dashboard.vercel.app/ + evidence/redo/r02/salesops-live/desktop/overview.png","Official v0 template visually checked; same dark shell/component grammar, no code provenance claimed.","Exact","Purpose, visible structure, and state grammar have a direct SalesOps counterpart; ORDOSPACE content/actions replace only data.","Not applicable","Current ORDOSPACE placement, section order, dimensions, route shell and responsive composition.","All Korean copy, counts, identifiers, fixtures and domain meaning.","All actions, role guards, session/localStorage/API/lifecycle behavior and selectors.","Recreate Progress tokens, borders, density, type, hover/focus and state expression without SalesOps IA.","SalesOps navigation, sales terms, CRM mock data, routes, Next/React/Radix runtime and fake identities.","Preserve ORDOSPACE D/T/M breakpoints and shell behavior; adapt only visual grammar.","Preserve semantic label/name, visible focus, keyboard operation, contrast and reduced-motion behavior.","Round 3","Round 9","Visual + DOM selector + route/role/function regression at 1440/1024/390.","None","Mapped for implementation","true","components/ui/progress.tsx; evidence/redo/r02/salesops-live/desktop/; docs/redo/r02/salesops-component-catalog.md"
"UI-013","shared","ModuleCard factory","lifecycle record and click target","pending, progress, review, revision, done, approved","SO-SHELL-001","Dashboard Shell","app/page.tsx","Dashboard","https://v0-sales-operations-dashboard.vercel.app/ + evidence/redo/r02/salesops-live/desktop/overview.png","Official v0 template visually checked; same dark shell/component grammar, no code provenance claimed.","Adapted","A direct SalesOps pattern exists, but ORDOSPACE role/data/lifecycle/static-DOM requirements require adaptation.","Not applicable","Current ORDOSPACE placement, section order, dimensions, route shell and responsive composition.","All Korean copy, counts, identifiers, fixtures and domain meaning.","All actions, role guards, session/localStorage/API/lifecycle behavior and selectors.","Recreate Dashboard Shell tokens, borders, density, type, hover/focus and state expression without SalesOps IA.","SalesOps navigation, sales terms, CRM mock data, routes, Next/React/Radix runtime and fake identities.","Preserve ORDOSPACE D/T/M breakpoints and shell behavior; adapt only visual grammar.","Preserve semantic label/name, visible focus, keyboard operation, contrast and reduced-motion behavior.","Round 4","Round 9","Visual + DOM selector + route/role/function regression at 1440/1024/390.","None","Mapped for implementation","true","app/page.tsx; evidence/redo/r02/salesops-live/desktop/; docs/redo/r02/salesops-component-catalog.md"
"UI-014","shared","empty-state panel","contextual text/action","empty, no-filter-results","SO-STATE-005","Empty","components/ui/empty.tsx","Empty","https://v0-sales-operations-dashboard.vercel.app/ + evidence/redo/r02/salesops-live/desktop/overview.png","Official v0 template visually checked; same dark shell/component grammar, no code provenance claimed.","Exact","Purpose, visible structure, and state grammar have a direct SalesOps counterpart; ORDOSPACE content/actions replace only data.","Not applicable","Current ORDOSPACE placement, section order, dimensions, route shell and responsive composition.","All Korean copy, counts, identifiers, fixtures and domain meaning.","All actions, role guards, session/localStorage/API/lifecycle behavior and selectors.","Recreate Empty tokens, borders, density, type, hover/focus and state expression without SalesOps IA.","SalesOps navigation, sales terms, CRM mock data, routes, Next/React/Radix runtime and fake identities.","Preserve ORDOSPACE D/T/M breakpoints and shell behavior; adapt only visual grammar.","Preserve semantic label/name, visible focus, keyboard operation, contrast and reduced-motion behavior.","Round 4","Round 9","Visual + DOM selector + route/role/function regression at 1440/1024/390.","Counterpart is code-only; visual state will be derived and verified in UI Lab.","Mapped for implementation","true","components/ui/empty.tsx; evidence/redo/r02/salesops-live/desktop/; docs/redo/r02/salesops-component-catalog.md"
"UI-015","shared","toolbar/filter group","filter state","default, hover, focus, selected, disabled","SO-FILTER-001","Filter controls","components/dashboard/sections/deals.tsx","selectedFilter","https://v0-sales-operations-dashboard.vercel.app/ + evidence/redo/r02/salesops-live/desktop/overview.png","Official v0 template visually checked; same dark shell/component grammar, no code provenance claimed.","Exact","Purpose, visible structure, and state grammar have a direct SalesOps counterpart; ORDOSPACE content/actions replace only data.","Not applicable","Current ORDOSPACE placement, section order, dimensions, route shell and responsive composition.","All Korean copy, counts, identifiers, fixtures and domain meaning.","All actions, role guards, session/localStorage/API/lifecycle behavior and selectors.","Recreate Filter controls tokens, borders, density, type, hover/focus and state expression without SalesOps IA.","SalesOps navigation, sales terms, CRM mock data, routes, Next/React/Radix runtime and fake identities.","Preserve ORDOSPACE D/T/M breakpoints and shell behavior; adapt only visual grammar.","Preserve semantic label/name, visible focus, keyboard operation, contrast and reduced-motion behavior.","Round 4","Round 9","Visual + DOM selector + route/role/function regression at 1440/1024/390.","None","Mapped for implementation","true","components/dashboard/sections/deals.tsx; evidence/redo/r02/salesops-live/desktop/; docs/redo/r02/salesops-component-catalog.md"
"UI-016","shared","tab group","selected panel","default, hover, active, focus","SO-TAB-001","Tab","components/ui/tabs.tsx","Tabs","https://v0-sales-operations-dashboard.vercel.app/ + evidence/redo/r02/salesops-live/desktop/overview.png","Official v0 template visually checked; same dark shell/component grammar, no code provenance claimed.","Exact","Purpose, visible structure, and state grammar have a direct SalesOps counterpart; ORDOSPACE content/actions replace only data.","Not applicable","Current ORDOSPACE placement, section order, dimensions, route shell and responsive composition.","All Korean copy, counts, identifiers, fixtures and domain meaning.","All actions, role guards, session/localStorage/API/lifecycle behavior and selectors.","Recreate Tab tokens, borders, density, type, hover/focus and state expression without SalesOps IA.","SalesOps navigation, sales terms, CRM mock data, routes, Next/React/Radix runtime and fake identities.","Preserve ORDOSPACE D/T/M breakpoints and shell behavior; adapt only visual grammar.","Preserve semantic label/name, visible focus, keyboard operation, contrast and reduced-motion behavior.","Round 4","Round 9","Visual + DOM selector + route/role/function regression at 1440/1024/390.","None","Mapped for implementation","true","components/ui/tabs.tsx; evidence/redo/r02/salesops-live/desktop/; docs/redo/r02/salesops-component-catalog.md"
"UI-017","shared","modal/dialog shell","title/body/actions","closed/open, error, destructive confirm","SO-DIALOG-001","Modal/Dialog","components/ui/dialog.tsx","Dialog","https://v0-sales-operations-dashboard.vercel.app/ + evidence/redo/r02/salesops-live/desktop/overview.png","Official v0 template visually checked; same dark shell/component grammar, no code provenance claimed.","Exact","Purpose, visible structure, and state grammar have a direct SalesOps counterpart; ORDOSPACE content/actions replace only data.","Not applicable","Current ORDOSPACE placement, section order, dimensions, route shell and responsive composition.","All Korean copy, counts, identifiers, fixtures and domain meaning.","All actions, role guards, session/localStorage/API/lifecycle behavior and selectors.","Recreate Modal/Dialog tokens, borders, density, type, hover/focus and state expression without SalesOps IA.","SalesOps navigation, sales terms, CRM mock data, routes, Next/React/Radix runtime and fake identities.","Preserve ORDOSPACE D/T/M breakpoints and shell behavior; adapt only visual grammar.","Preserve semantic label/name, visible focus, keyboard operation, contrast and reduced-motion behavior.","Round 4","Round 9","Visual + DOM selector + route/role/function regression at 1440/1024/390.","Counterpart is code-only; visual state will be derived and verified in UI Lab.","Mapped for implementation","true","components/ui/dialog.tsx; evidence/redo/r02/salesops-live/desktop/; docs/redo/r02/salesops-component-catalog.md"
"UI-018","shared","side/bottom sheet shell","form/detail content","closed/open, validation, submitting","SO-SHEET-001","Drawer/Sheet","components/ui/sheet.tsx","Sheet","https://v0-sales-operations-dashboard.vercel.app/ + evidence/redo/r02/salesops-live/desktop/overview.png","Official v0 template visually checked; same dark shell/component grammar, no code provenance claimed.","Exact","Purpose, visible structure, and state grammar have a direct SalesOps counterpart; ORDOSPACE content/actions replace only data.","Not applicable","Current ORDOSPACE placement, section order, dimensions, route shell and responsive composition.","All Korean copy, counts, identifiers, fixtures and domain meaning.","All actions, role guards, session/localStorage/API/lifecycle behavior and selectors.","Recreate Drawer/Sheet tokens, borders, density, type, hover/focus and state expression without SalesOps IA.","SalesOps navigation, sales terms, CRM mock data, routes, Next/React/Radix runtime and fake identities.","Preserve ORDOSPACE D/T/M breakpoints and shell behavior; adapt only visual grammar.","Preserve semantic label/name, visible focus, keyboard operation, contrast and reduced-motion behavior.","Round 4","Round 9","Visual + DOM selector + route/role/function regression at 1440/1024/390.","Counterpart is code-only; visual state will be derived and verified in UI Lab.","Mapped for implementation","true","components/ui/sheet.tsx; evidence/redo/r02/salesops-live/desktop/; docs/redo/r02/salesops-component-catalog.md"
"UI-019","shared","table shell","exact columns/rows","populated, empty, hover, long cell","SO-TABLE-001","Table","components/ui/table.tsx","Table","https://v0-sales-operations-dashboard.vercel.app/ + evidence/redo/r02/salesops-live/desktop/overview.png","Official v0 template visually checked; same dark shell/component grammar, no code provenance claimed.","Exact","Purpose, visible structure, and state grammar have a direct SalesOps counterpart; ORDOSPACE content/actions replace only data.","Not applicable","Current ORDOSPACE placement, section order, dimensions, route shell and responsive composition.","All Korean copy, counts, identifiers, fixtures and domain meaning.","All actions, role guards, session/localStorage/API/lifecycle behavior and selectors.","Recreate Table tokens, borders, density, type, hover/focus and state expression without SalesOps IA.","SalesOps navigation, sales terms, CRM mock data, routes, Next/React/Radix runtime and fake identities.","Preserve ORDOSPACE D/T/M breakpoints and shell behavior; adapt only visual grammar.","Preserve semantic label/name, visible focus, keyboard operation, contrast and reduced-motion behavior.","Round 4","Round 9","Visual + DOM selector + route/role/function regression at 1440/1024/390.","None","Mapped for implementation","true","components/ui/table.tsx; evidence/redo/r02/salesops-live/desktop/; docs/redo/r02/salesops-component-catalog.md"
"UI-020","shared","form controls","exact labels/values","default, focus, error, disabled, submitting","SO-INPUT-001","Input","components/ui/input.tsx","Input","https://v0-sales-operations-dashboard.vercel.app/ + evidence/redo/r02/salesops-live/desktop/overview.png","Official v0 template visually checked; same dark shell/component grammar, no code provenance claimed.","Exact","Purpose, visible structure, and state grammar have a direct SalesOps counterpart; ORDOSPACE content/actions replace only data.","Not applicable","Current ORDOSPACE placement, section order, dimensions, route shell and responsive composition.","All Korean copy, counts, identifiers, fixtures and domain meaning.","All actions, role guards, session/localStorage/API/lifecycle behavior and selectors.","Recreate Input tokens, borders, density, type, hover/focus and state expression without SalesOps IA.","SalesOps navigation, sales terms, CRM mock data, routes, Next/React/Radix runtime and fake identities.","Preserve ORDOSPACE D/T/M breakpoints and shell behavior; adapt only visual grammar.","Preserve semantic label/name, visible focus, keyboard operation, contrast and reduced-motion behavior.","Round 4","Round 9","Visual + DOM selector + route/role/function regression at 1440/1024/390.","None","Mapped for implementation","true","components/ui/input.tsx; evidence/redo/r02/salesops-live/desktop/; docs/redo/r02/salesops-component-catalog.md"
"UI-021","client/dashboard","dashboard KPI row","ModuleCard counts","populated/zero/warn","SO-CARD-002","Metric card","components/dashboard/metric-card.tsx","MetricCard","https://v0-sales-operations-dashboard.vercel.app/ + evidence/redo/r02/salesops-live/desktop/deals.png","Official v0 template visually checked; same dark shell/component grammar, no code provenance claimed.","Adapted","A direct SalesOps pattern exists, but ORDOSPACE role/data/lifecycle/static-DOM requirements require adaptation.","Not applicable","Current ORDOSPACE placement, section order, dimensions, route shell and responsive composition.","All Korean copy, counts, identifiers, fixtures and domain meaning.","All actions, role guards, session/localStorage/API/lifecycle behavior and selectors.","Recreate Metric card tokens, borders, density, type, hover/focus and state expression without SalesOps IA.","SalesOps navigation, sales terms, CRM mock data, routes, Next/React/Radix runtime and fake identities.","Preserve ORDOSPACE D/T/M breakpoints and shell behavior; adapt only visual grammar.","Preserve semantic label/name, visible focus, keyboard operation, contrast and reduced-motion behavior.","Round 7","Round 9","Visual + DOM selector + route/role/function regression at 1440/1024/390.","None","Mapped for implementation","true","components/dashboard/metric-card.tsx; evidence/redo/r02/salesops-live/desktop/; docs/redo/r02/salesops-component-catalog.md"
"UI-022","client/dashboard","project step progress","project progress","completed/current/pending","SO-PROGRESS-001","Progress","components/ui/progress.tsx","Progress","https://v0-sales-operations-dashboard.vercel.app/ + evidence/redo/r02/salesops-live/desktop/deals.png","Official v0 template visually checked; same dark shell/component grammar, no code provenance claimed.","Derived","Combine SO-PROGRESS-001 surface/state grammar with declared background, border, accent, radius and focus tokens; no structurally equivalent SalesOps component preserves this ORDOSPACE purpose.","Combine SO-PROGRESS-001 surface/state grammar with declared background, border, accent, radius and focus tokens; no structurally equivalent SalesOps component preserves this ORDOSPACE purpose.","Current ORDOSPACE placement, section order, dimensions, route shell and responsive composition.","All Korean copy, counts, identifiers, fixtures and domain meaning.","All actions, role guards, session/localStorage/API/lifecycle behavior and selectors.","Recreate Progress tokens, borders, density, type, hover/focus and state expression without SalesOps IA.","SalesOps navigation, sales terms, CRM mock data, routes, Next/React/Radix runtime and fake identities.","Preserve ORDOSPACE D/T/M breakpoints and shell behavior; adapt only visual grammar.","Preserve semantic label/name, visible focus, keyboard operation, contrast and reduced-motion behavior.","Round 7","Round 9","Visual + DOM selector + route/role/function regression at 1440/1024/390.","None","Mapped for implementation","true","components/ui/progress.tsx; evidence/redo/r02/salesops-live/desktop/; docs/redo/r02/salesops-component-catalog.md"
"UI-023","client/dashboard","chain progress group","design/dev/ops approved totals","zero/partial/complete","SO-PROGRESS-001","Progress","components/ui/progress.tsx","Progress","https://v0-sales-operations-dashboard.vercel.app/ + evidence/redo/r02/salesops-live/desktop/deals.png","Official v0 template visually checked; same dark shell/component grammar, no code provenance claimed.","Adapted","A direct SalesOps pattern exists, but ORDOSPACE role/data/lifecycle/static-DOM requirements require adaptation.","Not applicable","Current ORDOSPACE placement, section order, dimensions, route shell and responsive composition.","All Korean copy, counts, identifiers, fixtures and domain meaning.","All actions, role guards, session/localStorage/API/lifecycle behavior and selectors.","Recreate Progress tokens, borders, density, type, hover/focus and state expression without SalesOps IA.","SalesOps navigation, sales terms, CRM mock data, routes, Next/React/Radix runtime and fake identities.","Preserve ORDOSPACE D/T/M breakpoints and shell behavior; adapt only visual grammar.","Preserve semantic label/name, visible focus, keyboard operation, contrast and reduced-motion behavior.","Round 7","Round 9","Visual + DOM selector + route/role/function regression at 1440/1024/390.","None","Mapped for implementation","true","components/ui/progress.tsx; evidence/redo/r02/salesops-live/desktop/; docs/redo/r02/salesops-component-catalog.md"
"UI-024","client/dashboard","approval-card grid","latest done cards","populated/empty","SO-CARD-001","Card","components/ui/card.tsx","Card","https://v0-sales-operations-dashboard.vercel.app/ + evidence/redo/r02/salesops-live/desktop/deals.png","Official v0 template visually checked; same dark shell/component grammar, no code provenance claimed.","Adapted","A direct SalesOps pattern exists, but ORDOSPACE role/data/lifecycle/static-DOM requirements require adaptation.","Not applicable","Current ORDOSPACE placement, section order, dimensions, route shell and responsive composition.","All Korean copy, counts, identifiers, fixtures and domain meaning.","All actions, role guards, session/localStorage/API/lifecycle behavior and selectors.","Recreate Card tokens, borders, density, type, hover/focus and state expression without SalesOps IA.","SalesOps navigation, sales terms, CRM mock data, routes, Next/React/Radix runtime and fake identities.","Preserve ORDOSPACE D/T/M breakpoints and shell behavior; adapt only visual grammar.","Preserve semantic label/name, visible focus, keyboard operation, contrast and reduced-motion behavior.","Round 7","Round 9","Visual + DOM selector + route/role/function regression at 1440/1024/390.","None","Mapped for implementation","true","components/ui/card.tsx; evidence/redo/r02/salesops-live/desktop/; docs/redo/r02/salesops-component-catalog.md"
"UI-025","client/project","project progress header","project metadata/rate","normal/long meta","SO-HEADER-001","Header","components/dashboard/header.tsx","Header","https://v0-sales-operations-dashboard.vercel.app/ + evidence/redo/r02/salesops-live/desktop/deals.png","Official v0 template visually checked; same dark shell/component grammar, no code provenance claimed.","Adapted","A direct SalesOps pattern exists, but ORDOSPACE role/data/lifecycle/static-DOM requirements require adaptation.","Not applicable","Current ORDOSPACE placement, section order, dimensions, route shell and responsive composition.","All Korean copy, counts, identifiers, fixtures and domain meaning.","All actions, role guards, session/localStorage/API/lifecycle behavior and selectors.","Recreate Header tokens, borders, density, type, hover/focus and state expression without SalesOps IA.","SalesOps navigation, sales terms, CRM mock data, routes, Next/React/Radix runtime and fake identities.","Preserve ORDOSPACE D/T/M breakpoints and shell behavior; adapt only visual grammar.","Preserve semantic label/name, visible focus, keyboard operation, contrast and reduced-motion behavior.","Round 7","Round 9","Visual + DOM selector + route/role/function regression at 1440/1024/390.","None","Mapped for implementation","true","components/dashboard/header.tsx; evidence/redo/r02/salesops-live/desktop/; docs/redo/r02/salesops-component-catalog.md"
"UI-026","client/project","chain/status filters","filter state","all/selected/no-result","SO-FILTER-001","Filter controls","components/dashboard/sections/deals.tsx","selectedFilter","https://v0-sales-operations-dashboard.vercel.app/ + evidence/redo/r02/salesops-live/desktop/deals.png","Official v0 template visually checked; same dark shell/component grammar, no code provenance claimed.","Adapted","A direct SalesOps pattern exists, but ORDOSPACE role/data/lifecycle/static-DOM requirements require adaptation.","Not applicable","Current ORDOSPACE placement, section order, dimensions, route shell and responsive composition.","All Korean copy, counts, identifiers, fixtures and domain meaning.","All actions, role guards, session/localStorage/API/lifecycle behavior and selectors.","Recreate Filter controls tokens, borders, density, type, hover/focus and state expression without SalesOps IA.","SalesOps navigation, sales terms, CRM mock data, routes, Next/React/Radix runtime and fake identities.","Preserve ORDOSPACE D/T/M breakpoints and shell behavior; adapt only visual grammar.","Preserve semantic label/name, visible focus, keyboard operation, contrast and reduced-motion behavior.","Round 7","Round 9","Visual + DOM selector + route/role/function regression at 1440/1024/390.","None","Mapped for implementation","true","components/dashboard/sections/deals.tsx; evidence/redo/r02/salesops-live/desktop/; docs/redo/r02/salesops-component-catalog.md"
"UI-027","client/project","step timeline and gate rows","grouped ModuleCards","gate pass/fail, empty","SO-CHART-001","Chart container","components/ui/chart.tsx","ChartContainer","https://v0-sales-operations-dashboard.vercel.app/ + evidence/redo/r02/salesops-live/desktop/deals.png","Official v0 template visually checked; same dark shell/component grammar, no code provenance claimed.","Derived","Combine SO-CHART-001 surface/state grammar with declared background, border, accent, radius and focus tokens; no structurally equivalent SalesOps component preserves this ORDOSPACE purpose.","Combine SO-CHART-001 surface/state grammar with declared background, border, accent, radius and focus tokens; no structurally equivalent SalesOps component preserves this ORDOSPACE purpose.","Current ORDOSPACE placement, section order, dimensions, route shell and responsive composition.","All Korean copy, counts, identifiers, fixtures and domain meaning.","All actions, role guards, session/localStorage/API/lifecycle behavior and selectors.","Recreate Chart container tokens, borders, density, type, hover/focus and state expression without SalesOps IA.","SalesOps navigation, sales terms, CRM mock data, routes, Next/React/Radix runtime and fake identities.","Preserve ORDOSPACE D/T/M breakpoints and shell behavior; adapt only visual grammar.","Preserve semantic label/name, visible focus, keyboard operation, contrast and reduced-motion behavior.","Round 7","Round 9","Visual + DOM selector + route/role/function regression at 1440/1024/390.","None","Mapped for implementation","true","components/ui/chart.tsx; evidence/redo/r02/salesops-live/desktop/; docs/redo/r02/salesops-component-catalog.md"
"UI-028","client/project","artifacts/assets panel","deliverable list","populated/empty/long filename","SO-CARD-001","Card","components/ui/card.tsx","Card","https://v0-sales-operations-dashboard.vercel.app/ + evidence/redo/r02/salesops-live/desktop/deals.png","Official v0 template visually checked; same dark shell/component grammar, no code provenance claimed.","Adapted","A direct SalesOps pattern exists, but ORDOSPACE role/data/lifecycle/static-DOM requirements require adaptation.","Not applicable","Current ORDOSPACE placement, section order, dimensions, route shell and responsive composition.","All Korean copy, counts, identifiers, fixtures and domain meaning.","All actions, role guards, session/localStorage/API/lifecycle behavior and selectors.","Recreate Card tokens, borders, density, type, hover/focus and state expression without SalesOps IA.","SalesOps navigation, sales terms, CRM mock data, routes, Next/React/Radix runtime and fake identities.","Preserve ORDOSPACE D/T/M breakpoints and shell behavior; adapt only visual grammar.","Preserve semantic label/name, visible focus, keyboard operation, contrast and reduced-motion behavior.","Round 7","Round 9","Visual + DOM selector + route/role/function regression at 1440/1024/390.","None","Mapped for implementation","true","components/ui/card.tsx; evidence/redo/r02/salesops-live/desktop/; docs/redo/r02/salesops-component-catalog.md"
"UI-029","client/project","card detail modal","selected ModuleCard","open/closed, comment, approval error","SO-DIALOG-001","Modal/Dialog","components/ui/dialog.tsx","Dialog","https://v0-sales-operations-dashboard.vercel.app/ + evidence/redo/r02/salesops-live/desktop/deals.png","Official v0 template visually checked; same dark shell/component grammar, no code provenance claimed.","Adapted","A direct SalesOps pattern exists, but ORDOSPACE role/data/lifecycle/static-DOM requirements require adaptation.","Not applicable","Current ORDOSPACE placement, section order, dimensions, route shell and responsive composition.","All Korean copy, counts, identifiers, fixtures and domain meaning.","All actions, role guards, session/localStorage/API/lifecycle behavior and selectors.","Recreate Modal/Dialog tokens, borders, density, type, hover/focus and state expression without SalesOps IA.","SalesOps navigation, sales terms, CRM mock data, routes, Next/React/Radix runtime and fake identities.","Preserve ORDOSPACE D/T/M breakpoints and shell behavior; adapt only visual grammar.","Preserve semantic label/name, visible focus, keyboard operation, contrast and reduced-motion behavior.","Round 7","Round 9","Visual + DOM selector + route/role/function regression at 1440/1024/390.","Counterpart is code-only; visual state will be derived and verified in UI Lab.","Mapped for implementation","true","components/ui/dialog.tsx; evidence/redo/r02/salesops-live/desktop/; docs/redo/r02/salesops-component-catalog.md"
"UI-030","client/approvals","approval queue list","done cards","selected/unselected/empty","SO-CARD-001","Card","components/ui/card.tsx","Card","https://v0-sales-operations-dashboard.vercel.app/ + evidence/redo/r02/salesops-live/desktop/deals.png","Official v0 template visually checked; same dark shell/component grammar, no code provenance claimed.","Adapted","A direct SalesOps pattern exists, but ORDOSPACE role/data/lifecycle/static-DOM requirements require adaptation.","Not applicable","Current ORDOSPACE placement, section order, dimensions, route shell and responsive composition.","All Korean copy, counts, identifiers, fixtures and domain meaning.","All actions, role guards, session/localStorage/API/lifecycle behavior and selectors.","Recreate Card tokens, borders, density, type, hover/focus and state expression without SalesOps IA.","SalesOps navigation, sales terms, CRM mock data, routes, Next/React/Radix runtime and fake identities.","Preserve ORDOSPACE D/T/M breakpoints and shell behavior; adapt only visual grammar.","Preserve semantic label/name, visible focus, keyboard operation, contrast and reduced-motion behavior.","Round 7","Round 9","Visual + DOM selector + route/role/function regression at 1440/1024/390.","None","Mapped for implementation","true","components/ui/card.tsx; evidence/redo/r02/salesops-live/desktop/; docs/redo/r02/salesops-component-catalog.md"
"UI-031","client/approvals","approval detail","selected deliverable","normal, no selection, long content","SO-CARD-001","Card","components/ui/card.tsx","Card","https://v0-sales-operations-dashboard.vercel.app/ + evidence/redo/r02/salesops-live/desktop/deals.png","Official v0 template visually checked; same dark shell/component grammar, no code provenance claimed.","Adapted","A direct SalesOps pattern exists, but ORDOSPACE role/data/lifecycle/static-DOM requirements require adaptation.","Not applicable","Current ORDOSPACE placement, section order, dimensions, route shell and responsive composition.","All Korean copy, counts, identifiers, fixtures and domain meaning.","All actions, role guards, session/localStorage/API/lifecycle behavior and selectors.","Recreate Card tokens, borders, density, type, hover/focus and state expression without SalesOps IA.","SalesOps navigation, sales terms, CRM mock data, routes, Next/React/Radix runtime and fake identities.","Preserve ORDOSPACE D/T/M breakpoints and shell behavior; adapt only visual grammar.","Preserve semantic label/name, visible focus, keyboard operation, contrast and reduced-motion behavior.","Round 7","Round 9","Visual + DOM selector + route/role/function regression at 1440/1024/390.","None","Mapped for implementation","true","components/ui/card.tsx; evidence/redo/r02/salesops-live/desktop/; docs/redo/r02/salesops-component-catalog.md"
"UI-032","client/approvals","decision controls","approve/revision transition","enabled, disabled, confirm, error","SO-INPUT-001","Input","components/ui/input.tsx","Input","https://v0-sales-operations-dashboard.vercel.app/ + evidence/redo/r02/salesops-live/desktop/deals.png","Official v0 template visually checked; same dark shell/component grammar, no code provenance claimed.","Adapted","A direct SalesOps pattern exists, but ORDOSPACE role/data/lifecycle/static-DOM requirements require adaptation.","Not applicable","Current ORDOSPACE placement, section order, dimensions, route shell and responsive composition.","All Korean copy, counts, identifiers, fixtures and domain meaning.","All actions, role guards, session/localStorage/API/lifecycle behavior and selectors.","Recreate Input tokens, borders, density, type, hover/focus and state expression without SalesOps IA.","SalesOps navigation, sales terms, CRM mock data, routes, Next/React/Radix runtime and fake identities.","Preserve ORDOSPACE D/T/M breakpoints and shell behavior; adapt only visual grammar.","Preserve semantic label/name, visible focus, keyboard operation, contrast and reduced-motion behavior.","Round 7","Round 9","Visual + DOM selector + route/role/function regression at 1440/1024/390.","None","Mapped for implementation","true","components/ui/input.tsx; evidence/redo/r02/salesops-live/desktop/; docs/redo/r02/salesops-component-catalog.md"
"UI-033","worker/home","worker KPI row","assigned-card summaries","populated/zero/warn","SO-CARD-002","Metric card","components/dashboard/metric-card.tsx","MetricCard","https://v0-sales-operations-dashboard.vercel.app/ + evidence/redo/r02/salesops-live/desktop/pipeline.png","Official v0 template visually checked; same dark shell/component grammar, no code provenance claimed.","Adapted","A direct SalesOps pattern exists, but ORDOSPACE role/data/lifecycle/static-DOM requirements require adaptation.","Not applicable","Current ORDOSPACE placement, section order, dimensions, route shell and responsive composition.","All Korean copy, counts, identifiers, fixtures and domain meaning.","All actions, role guards, session/localStorage/API/lifecycle behavior and selectors.","Recreate Metric card tokens, borders, density, type, hover/focus and state expression without SalesOps IA.","SalesOps navigation, sales terms, CRM mock data, routes, Next/React/Radix runtime and fake identities.","Preserve ORDOSPACE D/T/M breakpoints and shell behavior; adapt only visual grammar.","Preserve semantic label/name, visible focus, keyboard operation, contrast and reduced-motion behavior.","Round 8","Round 9","Visual + DOM selector + route/role/function regression at 1440/1024/390.","None","Mapped for implementation","true","components/dashboard/metric-card.tsx; evidence/redo/r02/salesops-live/desktop/; docs/redo/r02/salesops-component-catalog.md"
"UI-034","worker/home","revision queue","revision cards","populated/empty","SO-CARD-001","Card","components/ui/card.tsx","Card","https://v0-sales-operations-dashboard.vercel.app/ + evidence/redo/r02/salesops-live/desktop/pipeline.png","Official v0 template visually checked; same dark shell/component grammar, no code provenance claimed.","Adapted","A direct SalesOps pattern exists, but ORDOSPACE role/data/lifecycle/static-DOM requirements require adaptation.","Not applicable","Current ORDOSPACE placement, section order, dimensions, route shell and responsive composition.","All Korean copy, counts, identifiers, fixtures and domain meaning.","All actions, role guards, session/localStorage/API/lifecycle behavior and selectors.","Recreate Card tokens, borders, density, type, hover/focus and state expression without SalesOps IA.","SalesOps navigation, sales terms, CRM mock data, routes, Next/React/Radix runtime and fake identities.","Preserve ORDOSPACE D/T/M breakpoints and shell behavior; adapt only visual grammar.","Preserve semantic label/name, visible focus, keyboard operation, contrast and reduced-motion behavior.","Round 8","Round 9","Visual + DOM selector + route/role/function regression at 1440/1024/390.","None","Mapped for implementation","true","components/ui/card.tsx; evidence/redo/r02/salesops-live/desktop/; docs/redo/r02/salesops-component-catalog.md"
"UI-035","worker/home","in-progress section","active assigned cards","populated/empty","SO-PROGRESS-001","Progress","components/ui/progress.tsx","Progress","https://v0-sales-operations-dashboard.vercel.app/ + evidence/redo/r02/salesops-live/desktop/pipeline.png","Official v0 template visually checked; same dark shell/component grammar, no code provenance claimed.","Adapted","A direct SalesOps pattern exists, but ORDOSPACE role/data/lifecycle/static-DOM requirements require adaptation.","Not applicable","Current ORDOSPACE placement, section order, dimensions, route shell and responsive composition.","All Korean copy, counts, identifiers, fixtures and domain meaning.","All actions, role guards, session/localStorage/API/lifecycle behavior and selectors.","Recreate Progress tokens, borders, density, type, hover/focus and state expression without SalesOps IA.","SalesOps navigation, sales terms, CRM mock data, routes, Next/React/Radix runtime and fake identities.","Preserve ORDOSPACE D/T/M breakpoints and shell behavior; adapt only visual grammar.","Preserve semantic label/name, visible focus, keyboard operation, contrast and reduced-motion behavior.","Round 8","Round 9","Visual + DOM selector + route/role/function regression at 1440/1024/390.","None","Mapped for implementation","true","components/ui/progress.tsx; evidence/redo/r02/salesops-live/desktop/; docs/redo/r02/salesops-component-catalog.md"
"UI-036","worker/home","pending section","queued assigned cards","populated/empty","SO-CARD-001","Card","components/ui/card.tsx","Card","https://v0-sales-operations-dashboard.vercel.app/ + evidence/redo/r02/salesops-live/desktop/pipeline.png","Official v0 template visually checked; same dark shell/component grammar, no code provenance claimed.","Adapted","A direct SalesOps pattern exists, but ORDOSPACE role/data/lifecycle/static-DOM requirements require adaptation.","Not applicable","Current ORDOSPACE placement, section order, dimensions, route shell and responsive composition.","All Korean copy, counts, identifiers, fixtures and domain meaning.","All actions, role guards, session/localStorage/API/lifecycle behavior and selectors.","Recreate Card tokens, borders, density, type, hover/focus and state expression without SalesOps IA.","SalesOps navigation, sales terms, CRM mock data, routes, Next/React/Radix runtime and fake identities.","Preserve ORDOSPACE D/T/M breakpoints and shell behavior; adapt only visual grammar.","Preserve semantic label/name, visible focus, keyboard operation, contrast and reduced-motion behavior.","Round 8","Round 9","Visual + DOM selector + route/role/function regression at 1440/1024/390.","None","Mapped for implementation","true","components/ui/card.tsx; evidence/redo/r02/salesops-live/desktop/; docs/redo/r02/salesops-component-catalog.md"
"UI-037","worker/cards","work filter/count bar","role-owned filters/count","all/selected/no-result","SO-FILTER-001","Filter controls","components/dashboard/sections/deals.tsx","selectedFilter","https://v0-sales-operations-dashboard.vercel.app/ + evidence/redo/r02/salesops-live/desktop/pipeline.png","Official v0 template visually checked; same dark shell/component grammar, no code provenance claimed.","Adapted","A direct SalesOps pattern exists, but ORDOSPACE role/data/lifecycle/static-DOM requirements require adaptation.","Not applicable","Current ORDOSPACE placement, section order, dimensions, route shell and responsive composition.","All Korean copy, counts, identifiers, fixtures and domain meaning.","All actions, role guards, session/localStorage/API/lifecycle behavior and selectors.","Recreate Filter controls tokens, borders, density, type, hover/focus and state expression without SalesOps IA.","SalesOps navigation, sales terms, CRM mock data, routes, Next/React/Radix runtime and fake identities.","Preserve ORDOSPACE D/T/M breakpoints and shell behavior; adapt only visual grammar.","Preserve semantic label/name, visible focus, keyboard operation, contrast and reduced-motion behavior.","Round 8","Round 9","Visual + DOM selector + route/role/function regression at 1440/1024/390.","None","Mapped for implementation","true","components/dashboard/sections/deals.tsx; evidence/redo/r02/salesops-live/desktop/; docs/redo/r02/salesops-component-catalog.md"
"UI-038","worker/cards","work-card list","assigned cards","selected, revision, overdue","SO-CARD-001","Card","components/ui/card.tsx","Card","https://v0-sales-operations-dashboard.vercel.app/ + evidence/redo/r02/salesops-live/desktop/pipeline.png","Official v0 template visually checked; same dark shell/component grammar, no code provenance claimed.","Adapted","A direct SalesOps pattern exists, but ORDOSPACE role/data/lifecycle/static-DOM requirements require adaptation.","Not applicable","Current ORDOSPACE placement, section order, dimensions, route shell and responsive composition.","All Korean copy, counts, identifiers, fixtures and domain meaning.","All actions, role guards, session/localStorage/API/lifecycle behavior and selectors.","Recreate Card tokens, borders, density, type, hover/focus and state expression without SalesOps IA.","SalesOps navigation, sales terms, CRM mock data, routes, Next/React/Radix runtime and fake identities.","Preserve ORDOSPACE D/T/M breakpoints and shell behavior; adapt only visual grammar.","Preserve semantic label/name, visible focus, keyboard operation, contrast and reduced-motion behavior.","Round 8","Round 9","Visual + DOM selector + route/role/function regression at 1440/1024/390.","None","Mapped for implementation","true","components/ui/card.tsx; evidence/redo/r02/salesops-live/desktop/; docs/redo/r02/salesops-component-catalog.md"
"UI-039","worker/cards","work-card detail","selected card","no selection, long content","SO-CARD-001","Card","components/ui/card.tsx","Card","https://v0-sales-operations-dashboard.vercel.app/ + evidence/redo/r02/salesops-live/desktop/pipeline.png","Official v0 template visually checked; same dark shell/component grammar, no code provenance claimed.","Adapted","A direct SalesOps pattern exists, but ORDOSPACE role/data/lifecycle/static-DOM requirements require adaptation.","Not applicable","Current ORDOSPACE placement, section order, dimensions, route shell and responsive composition.","All Korean copy, counts, identifiers, fixtures and domain meaning.","All actions, role guards, session/localStorage/API/lifecycle behavior and selectors.","Recreate Card tokens, borders, density, type, hover/focus and state expression without SalesOps IA.","SalesOps navigation, sales terms, CRM mock data, routes, Next/React/Radix runtime and fake identities.","Preserve ORDOSPACE D/T/M breakpoints and shell behavior; adapt only visual grammar.","Preserve semantic label/name, visible focus, keyboard operation, contrast and reduced-motion behavior.","Round 8","Round 9","Visual + DOM selector + route/role/function regression at 1440/1024/390.","None","Mapped for implementation","true","components/ui/card.tsx; evidence/redo/r02/salesops-live/desktop/; docs/redo/r02/salesops-component-catalog.md"
"UI-040","worker/cards","QC checklist","card QC values","unchecked/checked/blocked","SO-INPUT-001","Input","components/ui/input.tsx","Input","https://v0-sales-operations-dashboard.vercel.app/ + evidence/redo/r02/salesops-live/desktop/pipeline.png","Official v0 template visually checked; same dark shell/component grammar, no code provenance claimed.","Derived","Combine SO-INPUT-001 surface/state grammar with declared background, border, accent, radius and focus tokens; no structurally equivalent SalesOps component preserves this ORDOSPACE purpose.","Combine SO-INPUT-001 surface/state grammar with declared background, border, accent, radius and focus tokens; no structurally equivalent SalesOps component preserves this ORDOSPACE purpose.","Current ORDOSPACE placement, section order, dimensions, route shell and responsive composition.","All Korean copy, counts, identifiers, fixtures and domain meaning.","All actions, role guards, session/localStorage/API/lifecycle behavior and selectors.","Recreate Input tokens, borders, density, type, hover/focus and state expression without SalesOps IA.","SalesOps navigation, sales terms, CRM mock data, routes, Next/React/Radix runtime and fake identities.","Preserve ORDOSPACE D/T/M breakpoints and shell behavior; adapt only visual grammar.","Preserve semantic label/name, visible focus, keyboard operation, contrast and reduced-motion behavior.","Round 8","Round 9","Visual + DOM selector + route/role/function regression at 1440/1024/390.","None","Mapped for implementation","true","components/ui/input.tsx; evidence/redo/r02/salesops-live/desktop/; docs/redo/r02/salesops-component-catalog.md"
"UI-041","worker/cards","work log controls","hours/text append","default, validation, success/error","SO-INPUT-001","Input","components/ui/input.tsx","Input","https://v0-sales-operations-dashboard.vercel.app/ + evidence/redo/r02/salesops-live/desktop/pipeline.png","Official v0 template visually checked; same dark shell/component grammar, no code provenance claimed.","Adapted","A direct SalesOps pattern exists, but ORDOSPACE role/data/lifecycle/static-DOM requirements require adaptation.","Not applicable","Current ORDOSPACE placement, section order, dimensions, route shell and responsive composition.","All Korean copy, counts, identifiers, fixtures and domain meaning.","All actions, role guards, session/localStorage/API/lifecycle behavior and selectors.","Recreate Input tokens, borders, density, type, hover/focus and state expression without SalesOps IA.","SalesOps navigation, sales terms, CRM mock data, routes, Next/React/Radix runtime and fake identities.","Preserve ORDOSPACE D/T/M breakpoints and shell behavior; adapt only visual grammar.","Preserve semantic label/name, visible focus, keyboard operation, contrast and reduced-motion behavior.","Round 8","Round 9","Visual + DOM selector + route/role/function regression at 1440/1024/390.","None","Mapped for implementation","true","components/ui/input.tsx; evidence/redo/r02/salesops-live/desktop/; docs/redo/r02/salesops-component-catalog.md"
"UI-042","worker/cards","submit-to-review action","lifecycle transition","disabled by QC, enabled, submitting, error","SO-SHELL-001","Dashboard Shell","app/page.tsx","Dashboard","https://v0-sales-operations-dashboard.vercel.app/ + evidence/redo/r02/salesops-live/desktop/pipeline.png","Official v0 template visually checked; same dark shell/component grammar, no code provenance claimed.","Adapted","A direct SalesOps pattern exists, but ORDOSPACE role/data/lifecycle/static-DOM requirements require adaptation.","Not applicable","Current ORDOSPACE placement, section order, dimensions, route shell and responsive composition.","All Korean copy, counts, identifiers, fixtures and domain meaning.","All actions, role guards, session/localStorage/API/lifecycle behavior and selectors.","Recreate Dashboard Shell tokens, borders, density, type, hover/focus and state expression without SalesOps IA.","SalesOps navigation, sales terms, CRM mock data, routes, Next/React/Radix runtime and fake identities.","Preserve ORDOSPACE D/T/M breakpoints and shell behavior; adapt only visual grammar.","Preserve semantic label/name, visible focus, keyboard operation, contrast and reduced-motion behavior.","Round 8","Round 9","Visual + DOM selector + route/role/function regression at 1440/1024/390.","None","Mapped for implementation","true","app/page.tsx; evidence/redo/r02/salesops-live/desktop/; docs/redo/r02/salesops-component-catalog.md"
"UI-043","admin/home","operations KPI row","overdue/review/MH/projects","normal/zero/warn/critical","SO-CARD-002","Metric card","components/dashboard/metric-card.tsx","MetricCard","https://v0-sales-operations-dashboard.vercel.app/ + evidence/redo/r02/salesops-live/desktop/overview.png","Official v0 template visually checked; same dark shell/component grammar, no code provenance claimed.","Adapted","A direct SalesOps pattern exists, but ORDOSPACE role/data/lifecycle/static-DOM requirements require adaptation.","Not applicable","Current ORDOSPACE placement, section order, dimensions, route shell and responsive composition.","All Korean copy, counts, identifiers, fixtures and domain meaning.","All actions, role guards, session/localStorage/API/lifecycle behavior and selectors.","Recreate Metric card tokens, borders, density, type, hover/focus and state expression without SalesOps IA.","SalesOps navigation, sales terms, CRM mock data, routes, Next/React/Radix runtime and fake identities.","Preserve ORDOSPACE D/T/M breakpoints and shell behavior; adapt only visual grammar.","Preserve semantic label/name, visible focus, keyboard operation, contrast and reduced-motion behavior.","Round 6","Round 9","Visual + DOM selector + route/role/function regression at 1440/1024/390.","None","Mapped for implementation","true","components/dashboard/metric-card.tsx; evidence/redo/r02/salesops-live/desktop/; docs/redo/r02/salesops-component-catalog.md"
"UI-044","admin/home","immediate-action cards","derived priority actions","populated/none","SO-CARD-001","Card","components/ui/card.tsx","Card","https://v0-sales-operations-dashboard.vercel.app/ + evidence/redo/r02/salesops-live/desktop/overview.png","Official v0 template visually checked; same dark shell/component grammar, no code provenance claimed.","Derived","Combine SO-CARD-001 surface/state grammar with declared background, border, accent, radius and focus tokens; no structurally equivalent SalesOps component preserves this ORDOSPACE purpose.","Combine SO-CARD-001 surface/state grammar with declared background, border, accent, radius and focus tokens; no structurally equivalent SalesOps component preserves this ORDOSPACE purpose.","Current ORDOSPACE placement, section order, dimensions, route shell and responsive composition.","All Korean copy, counts, identifiers, fixtures and domain meaning.","All actions, role guards, session/localStorage/API/lifecycle behavior and selectors.","Recreate Card tokens, borders, density, type, hover/focus and state expression without SalesOps IA.","SalesOps navigation, sales terms, CRM mock data, routes, Next/React/Radix runtime and fake identities.","Preserve ORDOSPACE D/T/M breakpoints and shell behavior; adapt only visual grammar.","Preserve semantic label/name, visible focus, keyboard operation, contrast and reduced-motion behavior.","Round 6","Round 9","Visual + DOM selector + route/role/function regression at 1440/1024/390.","None","Mapped for implementation","true","components/ui/card.tsx; evidence/redo/r02/salesops-live/desktop/; docs/redo/r02/salesops-component-catalog.md"
"UI-045","admin/home","project summary table","project progress/deadline/status","hover, overdue, long client","SO-PROGRESS-001","Progress","components/ui/progress.tsx","Progress","https://v0-sales-operations-dashboard.vercel.app/ + evidence/redo/r02/salesops-live/desktop/overview.png","Official v0 template visually checked; same dark shell/component grammar, no code provenance claimed.","Adapted","A direct SalesOps pattern exists, but ORDOSPACE role/data/lifecycle/static-DOM requirements require adaptation.","Not applicable","Current ORDOSPACE placement, section order, dimensions, route shell and responsive composition.","All Korean copy, counts, identifiers, fixtures and domain meaning.","All actions, role guards, session/localStorage/API/lifecycle behavior and selectors.","Recreate Progress tokens, borders, density, type, hover/focus and state expression without SalesOps IA.","SalesOps navigation, sales terms, CRM mock data, routes, Next/React/Radix runtime and fake identities.","Preserve ORDOSPACE D/T/M breakpoints and shell behavior; adapt only visual grammar.","Preserve semantic label/name, visible focus, keyboard operation, contrast and reduced-motion behavior.","Round 6","Round 9","Visual + DOM selector + route/role/function regression at 1440/1024/390.","None","Mapped for implementation","true","components/ui/progress.tsx; evidence/redo/r02/salesops-live/desktop/; docs/redo/r02/salesops-component-catalog.md"
"UI-046","admin/home","resource rows","worker load and MH","active/idle/long name","SO-CARD-001","Card","components/ui/card.tsx","Card","https://v0-sales-operations-dashboard.vercel.app/ + evidence/redo/r02/salesops-live/desktop/overview.png","Official v0 template visually checked; same dark shell/component grammar, no code provenance claimed.","Adapted","A direct SalesOps pattern exists, but ORDOSPACE role/data/lifecycle/static-DOM requirements require adaptation.","Not applicable","Current ORDOSPACE placement, section order, dimensions, route shell and responsive composition.","All Korean copy, counts, identifiers, fixtures and domain meaning.","All actions, role guards, session/localStorage/API/lifecycle behavior and selectors.","Recreate Card tokens, borders, density, type, hover/focus and state expression without SalesOps IA.","SalesOps navigation, sales terms, CRM mock data, routes, Next/React/Radix runtime and fake identities.","Preserve ORDOSPACE D/T/M breakpoints and shell behavior; adapt only visual grammar.","Preserve semantic label/name, visible focus, keyboard operation, contrast and reduced-motion behavior.","Round 6","Round 9","Visual + DOM selector + route/role/function regression at 1440/1024/390.","None","Mapped for implementation","true","components/ui/card.tsx; evidence/redo/r02/salesops-live/desktop/; docs/redo/r02/salesops-component-catalog.md"
"UI-047","admin/projects","board/table view toggle","`_adminProjectView`","default/active/focus","SO-TABLE-001","Table","components/ui/table.tsx","Table","https://v0-sales-operations-dashboard.vercel.app/ + evidence/redo/r02/salesops-live/desktop/overview.png","Official v0 template visually checked; same dark shell/component grammar, no code provenance claimed.","Adapted","A direct SalesOps pattern exists, but ORDOSPACE role/data/lifecycle/static-DOM requirements require adaptation.","Not applicable","Current ORDOSPACE placement, section order, dimensions, route shell and responsive composition.","All Korean copy, counts, identifiers, fixtures and domain meaning.","All actions, role guards, session/localStorage/API/lifecycle behavior and selectors.","Recreate Table tokens, borders, density, type, hover/focus and state expression without SalesOps IA.","SalesOps navigation, sales terms, CRM mock data, routes, Next/React/Radix runtime and fake identities.","Preserve ORDOSPACE D/T/M breakpoints and shell behavior; adapt only visual grammar.","Preserve semantic label/name, visible focus, keyboard operation, contrast and reduced-motion behavior.","Round 6","Round 9","Visual + DOM selector + route/role/function regression at 1440/1024/390.","None","Mapped for implementation","true","components/ui/table.tsx; evidence/redo/r02/salesops-live/desktop/; docs/redo/r02/salesops-component-catalog.md"
"UI-048","admin/projects","five-stage project board","project stage","populated/empty column/selected","SO-SHELL-001","Dashboard Shell","app/page.tsx","Dashboard","https://v0-sales-operations-dashboard.vercel.app/ + evidence/redo/r02/salesops-live/desktop/overview.png","Official v0 template visually checked; same dark shell/component grammar, no code provenance claimed.","Derived","Combine SO-SHELL-001 surface/state grammar with declared background, border, accent, radius and focus tokens; no structurally equivalent SalesOps component preserves this ORDOSPACE purpose.","Combine SO-SHELL-001 surface/state grammar with declared background, border, accent, radius and focus tokens; no structurally equivalent SalesOps component preserves this ORDOSPACE purpose.","Current ORDOSPACE placement, section order, dimensions, route shell and responsive composition.","All Korean copy, counts, identifiers, fixtures and domain meaning.","All actions, role guards, session/localStorage/API/lifecycle behavior and selectors.","Recreate Dashboard Shell tokens, borders, density, type, hover/focus and state expression without SalesOps IA.","SalesOps navigation, sales terms, CRM mock data, routes, Next/React/Radix runtime and fake identities.","Preserve ORDOSPACE D/T/M breakpoints and shell behavior; adapt only visual grammar.","Preserve semantic label/name, visible focus, keyboard operation, contrast and reduced-motion behavior.","Round 6","Round 9","Visual + DOM selector + route/role/function regression at 1440/1024/390.","None","Mapped for implementation","true","app/page.tsx; evidence/redo/r02/salesops-live/desktop/; docs/redo/r02/salesops-component-catalog.md"
"UI-049","admin/projects","project table","project summaries","hover/selected/overdue","SO-TABLE-001","Table","components/ui/table.tsx","Table","https://v0-sales-operations-dashboard.vercel.app/ + evidence/redo/r02/salesops-live/desktop/overview.png","Official v0 template visually checked; same dark shell/component grammar, no code provenance claimed.","Adapted","A direct SalesOps pattern exists, but ORDOSPACE role/data/lifecycle/static-DOM requirements require adaptation.","Not applicable","Current ORDOSPACE placement, section order, dimensions, route shell and responsive composition.","All Korean copy, counts, identifiers, fixtures and domain meaning.","All actions, role guards, session/localStorage/API/lifecycle behavior and selectors.","Recreate Table tokens, borders, density, type, hover/focus and state expression without SalesOps IA.","SalesOps navigation, sales terms, CRM mock data, routes, Next/React/Radix runtime and fake identities.","Preserve ORDOSPACE D/T/M breakpoints and shell behavior; adapt only visual grammar.","Preserve semantic label/name, visible focus, keyboard operation, contrast and reduced-motion behavior.","Round 6","Round 9","Visual + DOM selector + route/role/function regression at 1440/1024/390.","None","Mapped for implementation","true","components/ui/table.tsx; evidence/redo/r02/salesops-live/desktop/; docs/redo/r02/salesops-component-catalog.md"
"UI-050","admin/projects","project detail tabs/body","selected project","timeline/finance/staffing, long","SO-TAB-001","Tab","components/ui/tabs.tsx","Tabs","https://v0-sales-operations-dashboard.vercel.app/ + evidence/redo/r02/salesops-live/desktop/overview.png","Official v0 template visually checked; same dark shell/component grammar, no code provenance claimed.","Derived","Combine SO-TAB-001 surface/state grammar with declared background, border, accent, radius and focus tokens; no structurally equivalent SalesOps component preserves this ORDOSPACE purpose.","Combine SO-TAB-001 surface/state grammar with declared background, border, accent, radius and focus tokens; no structurally equivalent SalesOps component preserves this ORDOSPACE purpose.","Current ORDOSPACE placement, section order, dimensions, route shell and responsive composition.","All Korean copy, counts, identifiers, fixtures and domain meaning.","All actions, role guards, session/localStorage/API/lifecycle behavior and selectors.","Recreate Tab tokens, borders, density, type, hover/focus and state expression without SalesOps IA.","SalesOps navigation, sales terms, CRM mock data, routes, Next/React/Radix runtime and fake identities.","Preserve ORDOSPACE D/T/M breakpoints and shell behavior; adapt only visual grammar.","Preserve semantic label/name, visible focus, keyboard operation, contrast and reduced-motion behavior.","Round 6","Round 9","Visual + DOM selector + route/role/function regression at 1440/1024/390.","None","Mapped for implementation","true","components/ui/tabs.tsx; evidence/redo/r02/salesops-live/desktop/; docs/redo/r02/salesops-component-catalog.md"
"UI-051","admin/cards","gate-ready banner","approved/total group","hidden/ready/confirm/success","SO-CHART-001","Chart container","components/ui/chart.tsx","ChartContainer","https://v0-sales-operations-dashboard.vercel.app/ + evidence/redo/r02/salesops-live/desktop/settings.png","Official v0 template visually checked; same dark shell/component grammar, no code provenance claimed.","Derived","Combine SO-CHART-001 surface/state grammar with declared background, border, accent, radius and focus tokens; no structurally equivalent SalesOps component preserves this ORDOSPACE purpose.","Combine SO-CHART-001 surface/state grammar with declared background, border, accent, radius and focus tokens; no structurally equivalent SalesOps component preserves this ORDOSPACE purpose.","Current ORDOSPACE placement, section order, dimensions, route shell and responsive composition.","All Korean copy, counts, identifiers, fixtures and domain meaning.","All actions, role guards, session/localStorage/API/lifecycle behavior and selectors.","Recreate Chart container tokens, borders, density, type, hover/focus and state expression without SalesOps IA.","SalesOps navigation, sales terms, CRM mock data, routes, Next/React/Radix runtime and fake identities.","Preserve ORDOSPACE D/T/M breakpoints and shell behavior; adapt only visual grammar.","Preserve semantic label/name, visible focus, keyboard operation, contrast and reduced-motion behavior.","Round 6","Round 9","Visual + DOM selector + route/role/function regression at 1440/1024/390.","None","Mapped for implementation","true","components/ui/chart.tsx; evidence/redo/r02/salesops-live/desktop/; docs/redo/r02/salesops-component-catalog.md"
"UI-052","admin/cards","Module filter toolbar","project/worker/chain/status","all/selected/no-result","SO-FILTER-001","Filter controls","components/dashboard/sections/deals.tsx","selectedFilter","https://v0-sales-operations-dashboard.vercel.app/ + evidence/redo/r02/salesops-live/desktop/settings.png","Official v0 template visually checked; same dark shell/component grammar, no code provenance claimed.","Adapted","A direct SalesOps pattern exists, but ORDOSPACE role/data/lifecycle/static-DOM requirements require adaptation.","Not applicable","Current ORDOSPACE placement, section order, dimensions, route shell and responsive composition.","All Korean copy, counts, identifiers, fixtures and domain meaning.","All actions, role guards, session/localStorage/API/lifecycle behavior and selectors.","Recreate Filter controls tokens, borders, density, type, hover/focus and state expression without SalesOps IA.","SalesOps navigation, sales terms, CRM mock data, routes, Next/React/Radix runtime and fake identities.","Preserve ORDOSPACE D/T/M breakpoints and shell behavior; adapt only visual grammar.","Preserve semantic label/name, visible focus, keyboard operation, contrast and reduced-motion behavior.","Round 6","Round 9","Visual + DOM selector + route/role/function regression at 1440/1024/390.","None","Mapped for implementation","true","components/dashboard/sections/deals.tsx; evidence/redo/r02/salesops-live/desktop/; docs/redo/r02/salesops-component-catalog.md"
"UI-053","admin/cards","Module list/detail","repository records","selected/empty/loading/API error","SO-CARD-001","Card","components/ui/card.tsx","Card","https://v0-sales-operations-dashboard.vercel.app/ + evidence/redo/r02/salesops-live/desktop/settings.png","Official v0 template visually checked; same dark shell/component grammar, no code provenance claimed.","Adapted","A direct SalesOps pattern exists, but ORDOSPACE role/data/lifecycle/static-DOM requirements require adaptation.","Not applicable","Current ORDOSPACE placement, section order, dimensions, route shell and responsive composition.","All Korean copy, counts, identifiers, fixtures and domain meaning.","All actions, role guards, session/localStorage/API/lifecycle behavior and selectors.","Recreate Card tokens, borders, density, type, hover/focus and state expression without SalesOps IA.","SalesOps navigation, sales terms, CRM mock data, routes, Next/React/Radix runtime and fake identities.","Preserve ORDOSPACE D/T/M breakpoints and shell behavior; adapt only visual grammar.","Preserve semantic label/name, visible focus, keyboard operation, contrast and reduced-motion behavior.","Round 6","Round 9","Visual + DOM selector + route/role/function regression at 1440/1024/390.","None","Mapped for implementation","true","components/ui/card.tsx; evidence/redo/r02/salesops-live/desktop/; docs/redo/r02/salesops-component-catalog.md"
"UI-054","admin/cards","lifecycle action set","PM/client transitions","role/state enabled, disabled, confirm, error","SO-SHELL-001","Dashboard Shell","app/page.tsx","Dashboard","https://v0-sales-operations-dashboard.vercel.app/ + evidence/redo/r02/salesops-live/desktop/settings.png","Official v0 template visually checked; same dark shell/component grammar, no code provenance claimed.","Adapted","A direct SalesOps pattern exists, but ORDOSPACE role/data/lifecycle/static-DOM requirements require adaptation.","Not applicable","Current ORDOSPACE placement, section order, dimensions, route shell and responsive composition.","All Korean copy, counts, identifiers, fixtures and domain meaning.","All actions, role guards, session/localStorage/API/lifecycle behavior and selectors.","Recreate Dashboard Shell tokens, borders, density, type, hover/focus and state expression without SalesOps IA.","SalesOps navigation, sales terms, CRM mock data, routes, Next/React/Radix runtime and fake identities.","Preserve ORDOSPACE D/T/M breakpoints and shell behavior; adapt only visual grammar.","Preserve semantic label/name, visible focus, keyboard operation, contrast and reduced-motion behavior.","Round 6","Round 9","Visual + DOM selector + route/role/function regression at 1440/1024/390.","None","Mapped for implementation","true","app/page.tsx; evidence/redo/r02/salesops-live/desktop/; docs/redo/r02/salesops-component-catalog.md"
"UI-055","admin/cards","bulk-create sheet","project/modules/worker/due","open, partial/all, invalid, submitting","SO-SHEET-001","Drawer/Sheet","components/ui/sheet.tsx","Sheet","https://v0-sales-operations-dashboard.vercel.app/ + evidence/redo/r02/salesops-live/desktop/settings.png","Official v0 template visually checked; same dark shell/component grammar, no code provenance claimed.","Adapted","A direct SalesOps pattern exists, but ORDOSPACE role/data/lifecycle/static-DOM requirements require adaptation.","Not applicable","Current ORDOSPACE placement, section order, dimensions, route shell and responsive composition.","All Korean copy, counts, identifiers, fixtures and domain meaning.","All actions, role guards, session/localStorage/API/lifecycle behavior and selectors.","Recreate Drawer/Sheet tokens, borders, density, type, hover/focus and state expression without SalesOps IA.","SalesOps navigation, sales terms, CRM mock data, routes, Next/React/Radix runtime and fake identities.","Preserve ORDOSPACE D/T/M breakpoints and shell behavior; adapt only visual grammar.","Preserve semantic label/name, visible focus, keyboard operation, contrast and reduced-motion behavior.","Round 6","Round 9","Visual + DOM selector + route/role/function regression at 1440/1024/390.","Counterpart is code-only; visual state will be derived and verified in UI Lab.","Mapped for implementation","true","components/ui/sheet.tsx; evidence/redo/r02/salesops-live/desktop/; docs/redo/r02/salesops-component-catalog.md"
"UI-056","admin/team","partners/heatmap tabs","`_adminTeamTab`","active/inactive","SO-TAB-001","Tab","components/ui/tabs.tsx","Tabs","https://v0-sales-operations-dashboard.vercel.app/ + evidence/redo/r02/salesops-live/desktop/team.png","Official v0 template visually checked; same dark shell/component grammar, no code provenance claimed.","Adapted","A direct SalesOps pattern exists, but ORDOSPACE role/data/lifecycle/static-DOM requirements require adaptation.","Not applicable","Current ORDOSPACE placement, section order, dimensions, route shell and responsive composition.","All Korean copy, counts, identifiers, fixtures and domain meaning.","All actions, role guards, session/localStorage/API/lifecycle behavior and selectors.","Recreate Tab tokens, borders, density, type, hover/focus and state expression without SalesOps IA.","SalesOps navigation, sales terms, CRM mock data, routes, Next/React/Radix runtime and fake identities.","Preserve ORDOSPACE D/T/M breakpoints and shell behavior; adapt only visual grammar.","Preserve semantic label/name, visible focus, keyboard operation, contrast and reduced-motion behavior.","Round 6","Round 9","Visual + DOM selector + route/role/function regression at 1440/1024/390.","None","Mapped for implementation","true","components/ui/tabs.tsx; evidence/redo/r02/salesops-live/desktop/; docs/redo/r02/salesops-component-catalog.md"
"UI-057","admin/team","partner KPI/table","partner data","populated/empty/long","SO-CARD-002","Metric card","components/dashboard/metric-card.tsx","MetricCard","https://v0-sales-operations-dashboard.vercel.app/ + evidence/redo/r02/salesops-live/desktop/team.png","Official v0 template visually checked; same dark shell/component grammar, no code provenance claimed.","Adapted","A direct SalesOps pattern exists, but ORDOSPACE role/data/lifecycle/static-DOM requirements require adaptation.","Not applicable","Current ORDOSPACE placement, section order, dimensions, route shell and responsive composition.","All Korean copy, counts, identifiers, fixtures and domain meaning.","All actions, role guards, session/localStorage/API/lifecycle behavior and selectors.","Recreate Metric card tokens, borders, density, type, hover/focus and state expression without SalesOps IA.","SalesOps navigation, sales terms, CRM mock data, routes, Next/React/Radix runtime and fake identities.","Preserve ORDOSPACE D/T/M breakpoints and shell behavior; adapt only visual grammar.","Preserve semantic label/name, visible focus, keyboard operation, contrast and reduced-motion behavior.","Round 6","Round 9","Visual + DOM selector + route/role/function regression at 1440/1024/390.","None","Mapped for implementation","true","components/dashboard/metric-card.tsx; evidence/redo/r02/salesops-live/desktop/; docs/redo/r02/salesops-component-catalog.md"
"UI-058","admin/team","weekly heatmap","hours/project cells","idle/normal/warn/critical/hover","SO-CHART-001","Chart container","components/ui/chart.tsx","ChartContainer","https://v0-sales-operations-dashboard.vercel.app/ + evidence/redo/r02/salesops-live/desktop/team.png","Official v0 template visually checked; same dark shell/component grammar, no code provenance claimed.","Derived","Combine SO-CHART-001 surface/state grammar with declared background, border, accent, radius and focus tokens; no structurally equivalent SalesOps component preserves this ORDOSPACE purpose.","Combine SO-CHART-001 surface/state grammar with declared background, border, accent, radius and focus tokens; no structurally equivalent SalesOps component preserves this ORDOSPACE purpose.","Current ORDOSPACE placement, section order, dimensions, route shell and responsive composition.","All Korean copy, counts, identifiers, fixtures and domain meaning.","All actions, role guards, session/localStorage/API/lifecycle behavior and selectors.","Recreate Chart container tokens, borders, density, type, hover/focus and state expression without SalesOps IA.","SalesOps navigation, sales terms, CRM mock data, routes, Next/React/Radix runtime and fake identities.","Preserve ORDOSPACE D/T/M breakpoints and shell behavior; adapt only visual grammar.","Preserve semantic label/name, visible focus, keyboard operation, contrast and reduced-motion behavior.","Round 6","Round 9","Visual + DOM selector + route/role/function regression at 1440/1024/390.","None","Mapped for implementation","true","components/ui/chart.tsx; evidence/redo/r02/salesops-live/desktop/; docs/redo/r02/salesops-component-catalog.md"
"UI-059","admin/team","partner invite sheet","invite form","closed/open/error/submitting","SO-SHEET-001","Drawer/Sheet","components/ui/sheet.tsx","Sheet","https://v0-sales-operations-dashboard.vercel.app/ + evidence/redo/r02/salesops-live/desktop/team.png","Official v0 template visually checked; same dark shell/component grammar, no code provenance claimed.","Adapted","A direct SalesOps pattern exists, but ORDOSPACE role/data/lifecycle/static-DOM requirements require adaptation.","Not applicable","Current ORDOSPACE placement, section order, dimensions, route shell and responsive composition.","All Korean copy, counts, identifiers, fixtures and domain meaning.","All actions, role guards, session/localStorage/API/lifecycle behavior and selectors.","Recreate Drawer/Sheet tokens, borders, density, type, hover/focus and state expression without SalesOps IA.","SalesOps navigation, sales terms, CRM mock data, routes, Next/React/Radix runtime and fake identities.","Preserve ORDOSPACE D/T/M breakpoints and shell behavior; adapt only visual grammar.","Preserve semantic label/name, visible focus, keyboard operation, contrast and reduced-motion behavior.","Round 6","Round 9","Visual + DOM selector + route/role/function regression at 1440/1024/390.","Counterpart is code-only; visual state will be derived and verified in UI Lab.","Mapped for implementation","true","components/ui/sheet.tsx; evidence/redo/r02/salesops-live/desktop/; docs/redo/r02/salesops-component-catalog.md"
"UI-060","admin/team","reassign modal","worker/day/hours","closed/open/warning/disabled","SO-DIALOG-001","Modal/Dialog","components/ui/dialog.tsx","Dialog","https://v0-sales-operations-dashboard.vercel.app/ + evidence/redo/r02/salesops-live/desktop/team.png","Official v0 template visually checked; same dark shell/component grammar, no code provenance claimed.","Derived","Combine SO-DIALOG-001 surface/state grammar with declared background, border, accent, radius and focus tokens; no structurally equivalent SalesOps component preserves this ORDOSPACE purpose.","Combine SO-DIALOG-001 surface/state grammar with declared background, border, accent, radius and focus tokens; no structurally equivalent SalesOps component preserves this ORDOSPACE purpose.","Current ORDOSPACE placement, section order, dimensions, route shell and responsive composition.","All Korean copy, counts, identifiers, fixtures and domain meaning.","All actions, role guards, session/localStorage/API/lifecycle behavior and selectors.","Recreate Modal/Dialog tokens, borders, density, type, hover/focus and state expression without SalesOps IA.","SalesOps navigation, sales terms, CRM mock data, routes, Next/React/Radix runtime and fake identities.","Preserve ORDOSPACE D/T/M breakpoints and shell behavior; adapt only visual grammar.","Preserve semantic label/name, visible focus, keyboard operation, contrast and reduced-motion behavior.","Round 6","Round 9","Visual + DOM selector + route/role/function regression at 1440/1024/390.","Counterpart is code-only; visual state will be derived and verified in UI Lab.","Mapped for implementation","true","components/ui/dialog.tsx; evidence/redo/r02/salesops-live/desktop/; docs/redo/r02/salesops-component-catalog.md"
"UI-061","admin/audit","audit timeline","immutable events","populated/filtered/long","SO-TABLE-001","Table","components/ui/table.tsx","Table","https://v0-sales-operations-dashboard.vercel.app/ + evidence/redo/r02/salesops-live/desktop/reports.png","Official v0 template visually checked; same dark shell/component grammar, no code provenance claimed.","Derived","Combine SO-TABLE-001 surface/state grammar with declared background, border, accent, radius and focus tokens; no structurally equivalent SalesOps component preserves this ORDOSPACE purpose.","Combine SO-TABLE-001 surface/state grammar with declared background, border, accent, radius and focus tokens; no structurally equivalent SalesOps component preserves this ORDOSPACE purpose.","Current ORDOSPACE placement, section order, dimensions, route shell and responsive composition.","All Korean copy, counts, identifiers, fixtures and domain meaning.","All actions, role guards, session/localStorage/API/lifecycle behavior and selectors.","Recreate Table tokens, borders, density, type, hover/focus and state expression without SalesOps IA.","SalesOps navigation, sales terms, CRM mock data, routes, Next/React/Radix runtime and fake identities.","Preserve ORDOSPACE D/T/M breakpoints and shell behavior; adapt only visual grammar.","Preserve semantic label/name, visible focus, keyboard operation, contrast and reduced-motion behavior.","Round 6","Round 9","Visual + DOM selector + route/role/function regression at 1440/1024/390.","None","Mapped for implementation","true","components/ui/table.tsx; evidence/redo/r02/salesops-live/desktop/; docs/redo/r02/salesops-component-catalog.md"
"UI-062","admin/audit","audit target detail","selected event","selected/no selection","SO-CARD-001","Card","components/ui/card.tsx","Card","https://v0-sales-operations-dashboard.vercel.app/ + evidence/redo/r02/salesops-live/desktop/reports.png","Official v0 template visually checked; same dark shell/component grammar, no code provenance claimed.","Derived","Combine SO-CARD-001 surface/state grammar with declared background, border, accent, radius and focus tokens; no structurally equivalent SalesOps component preserves this ORDOSPACE purpose.","Combine SO-CARD-001 surface/state grammar with declared background, border, accent, radius and focus tokens; no structurally equivalent SalesOps component preserves this ORDOSPACE purpose.","Current ORDOSPACE placement, section order, dimensions, route shell and responsive composition.","All Korean copy, counts, identifiers, fixtures and domain meaning.","All actions, role guards, session/localStorage/API/lifecycle behavior and selectors.","Recreate Card tokens, borders, density, type, hover/focus and state expression without SalesOps IA.","SalesOps navigation, sales terms, CRM mock data, routes, Next/React/Radix runtime and fake identities.","Preserve ORDOSPACE D/T/M breakpoints and shell behavior; adapt only visual grammar.","Preserve semantic label/name, visible focus, keyboard operation, contrast and reduced-motion behavior.","Round 6","Round 9","Visual + DOM selector + route/role/function regression at 1440/1024/390.","None","Mapped for implementation","true","components/ui/card.tsx; evidence/redo/r02/salesops-live/desktop/; docs/redo/r02/salesops-component-catalog.md"
"UI-063","admin/audit","CSV export action","read-only export","default/focus/error","SO-SHELL-001","Dashboard Shell","app/page.tsx","Dashboard","https://v0-sales-operations-dashboard.vercel.app/ + evidence/redo/r02/salesops-live/desktop/reports.png","Official v0 template visually checked; same dark shell/component grammar, no code provenance claimed.","Adapted","A direct SalesOps pattern exists, but ORDOSPACE role/data/lifecycle/static-DOM requirements require adaptation.","Not applicable","Current ORDOSPACE placement, section order, dimensions, route shell and responsive composition.","All Korean copy, counts, identifiers, fixtures and domain meaning.","All actions, role guards, session/localStorage/API/lifecycle behavior and selectors.","Recreate Dashboard Shell tokens, borders, density, type, hover/focus and state expression without SalesOps IA.","SalesOps navigation, sales terms, CRM mock data, routes, Next/React/Radix runtime and fake identities.","Preserve ORDOSPACE D/T/M breakpoints and shell behavior; adapt only visual grammar.","Preserve semantic label/name, visible focus, keyboard operation, contrast and reduced-motion behavior.","Round 6","Round 9","Visual + DOM selector + route/role/function regression at 1440/1024/390.","None","Mapped for implementation","true","app/page.tsx; evidence/redo/r02/salesops-live/desktop/; docs/redo/r02/salesops-component-catalog.md"
"UI-064","shared/profile","notification/My tabs","session/profile/notifications","active/unread/empty","SO-TAB-001","Tab","components/ui/tabs.tsx","Tabs","https://v0-sales-operations-dashboard.vercel.app/ + evidence/redo/r02/salesops-live/desktop/overview.png","Official v0 template visually checked; same dark shell/component grammar, no code provenance claimed.","Adapted","A direct SalesOps pattern exists, but ORDOSPACE role/data/lifecycle/static-DOM requirements require adaptation.","Not applicable","Current ORDOSPACE placement, section order, dimensions, route shell and responsive composition.","All Korean copy, counts, identifiers, fixtures and domain meaning.","All actions, role guards, session/localStorage/API/lifecycle behavior and selectors.","Recreate Tab tokens, borders, density, type, hover/focus and state expression without SalesOps IA.","SalesOps navigation, sales terms, CRM mock data, routes, Next/React/Radix runtime and fake identities.","Preserve ORDOSPACE D/T/M breakpoints and shell behavior; adapt only visual grammar.","Preserve semantic label/name, visible focus, keyboard operation, contrast and reduced-motion behavior.","Round 4","Round 9","Visual + DOM selector + route/role/function regression at 1440/1024/390.","None","Mapped for implementation","true","components/ui/tabs.tsx; evidence/redo/r02/salesops-live/desktop/; docs/redo/r02/salesops-component-catalog.md"
"UI-065","public/landing","public floating header","section links/inquiry/login","desktop/mobile, open nav","SO-HEADER-001","Header","components/dashboard/header.tsx","Header","Round 1 frozen public evidence; SalesOps live is non-authoritative for public surfaces","Official v0 template visually checked; same dark shell/component grammar, no code provenance claimed.","Derived","Combine SO-HEADER-001 surface/state grammar with declared background, border, accent, radius and focus tokens; no structurally equivalent SalesOps component preserves this ORDOSPACE purpose.","Combine SO-HEADER-001 surface/state grammar with declared background, border, accent, radius and focus tokens; no structurally equivalent SalesOps component preserves this ORDOSPACE purpose.","Entire public layout frozen; regression only.","All Korean copy, counts, identifiers, fixtures and domain meaning.","All actions, role guards, session/localStorage/API/lifecycle behavior and selectors.","None; public visual remains frozen.","SalesOps navigation, sales terms, CRM mock data, routes, Next/React/Radix runtime and fake identities.","No change; compare D/T/M frozen baseline.","Preserve semantic label/name, visible focus, keyboard operation, contrast and reduced-motion behavior.","Round 9","Round 9","Pixel/DOM comparison against Round 1 public evidence.","None","Frozen regression only","false","components/dashboard/header.tsx; evidence/redo/r01/frozen-public/; docs/redo/r02/salesops-component-catalog.md"
"UI-066","public/landing","hero and narrative sections","static copy/demos","motion/reduced-motion/long","SO-CARD-001","Card","components/ui/card.tsx","Card","Round 1 frozen public evidence; SalesOps live is non-authoritative for public surfaces","Official v0 template visually checked; same dark shell/component grammar, no code provenance claimed.","Derived","Combine SO-CARD-001 surface/state grammar with declared background, border, accent, radius and focus tokens; no structurally equivalent SalesOps component preserves this ORDOSPACE purpose.","Combine SO-CARD-001 surface/state grammar with declared background, border, accent, radius and focus tokens; no structurally equivalent SalesOps component preserves this ORDOSPACE purpose.","Entire public layout frozen; regression only.","All Korean copy, counts, identifiers, fixtures and domain meaning.","All actions, role guards, session/localStorage/API/lifecycle behavior and selectors.","None; public visual remains frozen.","SalesOps navigation, sales terms, CRM mock data, routes, Next/React/Radix runtime and fake identities.","No change; compare D/T/M frozen baseline.","Preserve semantic label/name, visible focus, keyboard operation, contrast and reduced-motion behavior.","Round 9","Round 9","Pixel/DOM comparison against Round 1 public evidence.","None","Frozen regression only","false","components/ui/card.tsx; evidence/redo/r01/frozen-public/; docs/redo/r02/salesops-component-catalog.md"
"UI-067","public/landing","FAQ accordion","disclosure content","collapsed/expanded/focus","SO-CARD-001","Card","components/ui/card.tsx","Card","Round 1 frozen public evidence; SalesOps live is non-authoritative for public surfaces","Official v0 template visually checked; same dark shell/component grammar, no code provenance claimed.","Derived","Combine SO-CARD-001 surface/state grammar with declared background, border, accent, radius and focus tokens; no structurally equivalent SalesOps component preserves this ORDOSPACE purpose.","Combine SO-CARD-001 surface/state grammar with declared background, border, accent, radius and focus tokens; no structurally equivalent SalesOps component preserves this ORDOSPACE purpose.","Entire public layout frozen; regression only.","All Korean copy, counts, identifiers, fixtures and domain meaning.","All actions, role guards, session/localStorage/API/lifecycle behavior and selectors.","None; public visual remains frozen.","SalesOps navigation, sales terms, CRM mock data, routes, Next/React/Radix runtime and fake identities.","No change; compare D/T/M frozen baseline.","Preserve semantic label/name, visible focus, keyboard operation, contrast and reduced-motion behavior.","Round 9","Round 9","Pixel/DOM comparison against Round 1 public evidence.","None","Frozen regression only","false","components/ui/card.tsx; evidence/redo/r01/frozen-public/; docs/redo/r02/salesops-component-catalog.md"
"UI-068","public","inquiry modal/form","lead form","closed/open/error/success","SO-DIALOG-001","Modal/Dialog","components/ui/dialog.tsx","Dialog","Round 1 frozen public evidence; SalesOps live is non-authoritative for public surfaces","Official v0 template visually checked; same dark shell/component grammar, no code provenance claimed.","Derived","Combine SO-DIALOG-001 surface/state grammar with declared background, border, accent, radius and focus tokens; no structurally equivalent SalesOps component preserves this ORDOSPACE purpose.","Combine SO-DIALOG-001 surface/state grammar with declared background, border, accent, radius and focus tokens; no structurally equivalent SalesOps component preserves this ORDOSPACE purpose.","Entire public layout frozen; regression only.","All Korean copy, counts, identifiers, fixtures and domain meaning.","All actions, role guards, session/localStorage/API/lifecycle behavior and selectors.","None; public visual remains frozen.","SalesOps navigation, sales terms, CRM mock data, routes, Next/React/Radix runtime and fake identities.","No change; compare D/T/M frozen baseline.","Preserve semantic label/name, visible focus, keyboard operation, contrast and reduced-motion behavior.","Round 9","Round 9","Pixel/DOM comparison against Round 1 public evidence.","Counterpart is code-only; visual state will be derived and verified in UI Lab.","Frozen regression only","false","components/ui/dialog.tsx; evidence/redo/r01/frozen-public/; docs/redo/r02/salesops-component-catalog.md"
"UI-069","public/auth","authentication composition","backend/mock selection","login/forgot/reset/error/loading","SO-SHELL-001","Dashboard Shell","app/page.tsx","Dashboard","Round 1 frozen public evidence; SalesOps live is non-authoritative for public surfaces","Official v0 template visually checked; same dark shell/component grammar, no code provenance claimed.","Derived","Combine SO-SHELL-001 surface/state grammar with declared background, border, accent, radius and focus tokens; no structurally equivalent SalesOps component preserves this ORDOSPACE purpose.","Combine SO-SHELL-001 surface/state grammar with declared background, border, accent, radius and focus tokens; no structurally equivalent SalesOps component preserves this ORDOSPACE purpose.","Entire public layout frozen; regression only.","All Korean copy, counts, identifiers, fixtures and domain meaning.","All actions, role guards, session/localStorage/API/lifecycle behavior and selectors.","None; public visual remains frozen.","SalesOps navigation, sales terms, CRM mock data, routes, Next/React/Radix runtime and fake identities.","No change; compare D/T/M frozen baseline.","Preserve semantic label/name, visible focus, keyboard operation, contrast and reduced-motion behavior.","Round 9","Round 9","Pixel/DOM comparison against Round 1 public evidence.","None","Frozen regression only","false","app/page.tsx; evidence/redo/r01/frozen-public/; docs/redo/r02/salesops-component-catalog.md"
"UI-070","public/policies","terms/privacy/support content","static/form links","long content/form states","SO-INPUT-001","Input","components/ui/input.tsx","Input","Round 1 frozen public evidence; SalesOps live is non-authoritative for public surfaces","Official v0 template visually checked; same dark shell/component grammar, no code provenance claimed.","Derived","Combine SO-INPUT-001 surface/state grammar with declared background, border, accent, radius and focus tokens; no structurally equivalent SalesOps component preserves this ORDOSPACE purpose.","Combine SO-INPUT-001 surface/state grammar with declared background, border, accent, radius and focus tokens; no structurally equivalent SalesOps component preserves this ORDOSPACE purpose.","Entire public layout frozen; regression only.","All Korean copy, counts, identifiers, fixtures and domain meaning.","All actions, role guards, session/localStorage/API/lifecycle behavior and selectors.","None; public visual remains frozen.","SalesOps navigation, sales terms, CRM mock data, routes, Next/React/Radix runtime and fake identities.","No change; compare D/T/M frozen baseline.","Preserve semantic label/name, visible focus, keyboard operation, contrast and reduced-motion behavior.","Round 9","Round 9","Pixel/DOM comparison against Round 1 public evidence.","None","Frozen regression only","false","components/ui/input.tsx; evidence/redo/r01/frozen-public/; docs/redo/r02/salesops-component-catalog.md"
"UI-071","shared","workspace selector","visible role controls","single/multi role, hover/focus","SO-INPUT-001","Input","components/ui/input.tsx","Input","Round 1 frozen public evidence; SalesOps live is non-authoritative for public surfaces","Official v0 template visually checked; same dark shell/component grammar, no code provenance claimed.","Derived","Combine SO-INPUT-001 surface/state grammar with declared background, border, accent, radius and focus tokens; no structurally equivalent SalesOps component preserves this ORDOSPACE purpose.","Combine SO-INPUT-001 surface/state grammar with declared background, border, accent, radius and focus tokens; no structurally equivalent SalesOps component preserves this ORDOSPACE purpose.","Entire public layout frozen; regression only.","All Korean copy, counts, identifiers, fixtures and domain meaning.","All actions, role guards, session/localStorage/API/lifecycle behavior and selectors.","None; public visual remains frozen.","SalesOps navigation, sales terms, CRM mock data, routes, Next/React/Radix runtime and fake identities.","No change; compare D/T/M frozen baseline.","Preserve semantic label/name, visible focus, keyboard operation, contrast and reduced-motion behavior.","Round 9","Round 9","Pixel/DOM comparison against Round 1 public evidence.","None","Frozen regression only","false","components/ui/input.tsx; evidence/redo/r01/frozen-public/; docs/redo/r02/salesops-component-catalog.md"
"UI-072","shared","403 screen","attempted route/current role","default/multi-role hint","SO-CARD-001","Card","components/ui/card.tsx","Card","https://v0-sales-operations-dashboard.vercel.app/ + evidence/redo/r02/salesops-live/desktop/overview.png","Official v0 template visually checked; same dark shell/component grammar, no code provenance claimed.","Derived","Combine SO-CARD-001 surface/state grammar with declared background, border, accent, radius and focus tokens; no structurally equivalent SalesOps component preserves this ORDOSPACE purpose.","Combine SO-CARD-001 surface/state grammar with declared background, border, accent, radius and focus tokens; no structurally equivalent SalesOps component preserves this ORDOSPACE purpose.","Current ORDOSPACE placement, section order, dimensions, route shell and responsive composition.","All Korean copy, counts, identifiers, fixtures and domain meaning.","All actions, role guards, session/localStorage/API/lifecycle behavior and selectors.","Recreate Card tokens, borders, density, type, hover/focus and state expression without SalesOps IA.","SalesOps navigation, sales terms, CRM mock data, routes, Next/React/Radix runtime and fake identities.","Preserve ORDOSPACE D/T/M breakpoints and shell behavior; adapt only visual grammar.","Preserve semantic label/name, visible focus, keyboard operation, contrast and reduced-motion behavior.","Round 9","Round 9","Visual + DOM selector + route/role/function regression at 1440/1024/390.","None","Mapped for implementation","true","components/ui/card.tsx; evidence/redo/r02/salesops-live/desktop/; docs/redo/r02/salesops-component-catalog.md"
"UI-073","QA","component gallery","explicit `dev_mode`","denied/enabled","SO-CARD-001","Card","components/ui/card.tsx","Card","https://v0-sales-operations-dashboard.vercel.app/ + evidence/redo/r02/salesops-live/desktop/overview.png","Official v0 template visually checked; same dark shell/component grammar, no code provenance claimed.","Derived","Combine SO-CARD-001 surface/state grammar with declared background, border, accent, radius and focus tokens; no structurally equivalent SalesOps component preserves this ORDOSPACE purpose.","Combine SO-CARD-001 surface/state grammar with declared background, border, accent, radius and focus tokens; no structurally equivalent SalesOps component preserves this ORDOSPACE purpose.","Current ORDOSPACE placement, section order, dimensions, route shell and responsive composition.","All Korean copy, counts, identifiers, fixtures and domain meaning.","All actions, role guards, session/localStorage/API/lifecycle behavior and selectors.","Recreate Card tokens, borders, density, type, hover/focus and state expression without SalesOps IA.","SalesOps navigation, sales terms, CRM mock data, routes, Next/React/Radix runtime and fake identities.","Preserve ORDOSPACE D/T/M breakpoints and shell behavior; adapt only visual grammar.","Preserve semantic label/name, visible focus, keyboard operation, contrast and reduced-motion behavior.","Round 4","Round 9","Visual + DOM selector + route/role/function regression at 1440/1024/390.","None","Mapped for implementation","false","components/ui/card.tsx; evidence/redo/r02/salesops-live/desktop/; docs/redo/r02/salesops-component-catalog.md"
